numero,file id,Nom fichier gif,mime type,web content link,webview link,icon link,lien vignette,
1,1y-RpQ8J4hlYLH3CiPusxGWfEOgPPJLX7,1 Avant arrière mains parallèles.gif,image/gif,https://drive.google.com/file/d/1y-RpQ8J4hlYLH3CiPusxGWfEOgPPJLX7/view?usp=drivesdk,https://drive-thirdparty.googleusercontent.com/16/type/image/gif,https://lh3.googleusercontent.com/drive-storage/AJQWtBMoscP5v_rrz5daJJz7MRQ9N4DkjLuYGhbmWGcH7ErrjKcpCkuxIeXwebyyFSGDHtNuzeX174GUthE3ZdKDDU-_4u4GJKMd3g201s1685e6qw=s220,1 Avant arrière mains parallèles.gif,gif
2,1UQ6XKACsT6w3HDe5KyUOVjkngyXbBGQ4,2 Avant arrière MG-MD.gif,image/gif,https://drive.google.com/file/d/1UQ6XKACsT6w3HDe5KyUOVjkngyXbBGQ4/view?usp=drivesdk,https://drive-thirdparty.googleusercontent.com/16/type/image/gif,https://lh3.googleusercontent.com/drive-storage/AJQWtBO4alGdVFgOQSYcJLU6Mf3WFRqjGpzFk1g4UrNl8icHnSltdUVci7VuqmN5Nf90iN_znbD6XT0rqGMlaGieYtarq2_MauFd_QIrSdawr_-08Q=s220,2 Avant arrière MG-MD.gif,gif
3,1lFati-bHoUaqwI5IoRTCiYuk-XF2JXYa,3 Traversée à droite.gif,image/gif,https://drive.google.com/file/d/1lFati-bHoUaqwI5IoRTCiYuk-XF2JXYa/view?usp=drivesdk,https://drive-thirdparty.googleusercontent.com/16/type/image/gif,https://lh3.googleusercontent.com/drive-storage/AJQWtBMl3ETg7pdlvS5APe7Gj3vh5CxCZTnqRbJ0sI3pUZwzt4y-MB6Bw_Bxt0E6zAzFtQ8iIducsux6KsuDPP-NekDpFI7J9ZkFbMACF5avDn2G4Ws=s220,3 Traversée à droite.gif,gif
4,1hQGno3nQ1jhwKu8msGvKbd4CKRftKehc,4 Traversée à gauche.gif,image/gif,https://drive.google.com/file/d/1hQGno3nQ1jhwKu8msGvKbd4CKRftKehc/view?usp=drivesdk,https://drive-thirdparty.googleusercontent.com/16/type/image/gif,https://lh3.googleusercontent.com/drive-storage/AJQWtBO_T_4jzRz0jqgMRyTo3U_2f3wbedimRr_Dd9R_r0dOsnlDGcl024jHoZx-UNISzrz_UXlSN88eHUU0UvAKteginxRWTs7kqCJvEGHSAwFomg=s220,4 Traversée à gauche.gif,gif
5,1u2CoJu5W6NoVtPv6IVczPhSrS5jzbPX6,5 Tour intérieur.gif,image/gif,https://drive.google.com/file/d/1u2CoJu5W6NoVtPv6IVczPhSrS5jzbPX6/view?usp=drivesdk,https://drive-thirdparty.googleusercontent.com/16/type/image/gif,https://lh3.googleusercontent.com/drive-storage/AJQWtBOdn-4wfieNCe5nfZrxpVHHD1905RSe9xn6_XzFdJ1hqkPNZVx2_2lu2gcQKS0qgdEmBN7rkFlUMcM9pN-xy47dhEzh4jdtWw4usp4cP1cUKZM=s220,5 Tour intérieur.gif,gif
6,1XKjZXmS3zd48w6267728_shALzMlgcBh,6 Tour extérieur.gif,image/gif,https://drive.google.com/file/d/1XKjZXmS3zd48w6267728_shALzMlgcBh/view?usp=drivesdk,https://drive-thirdparty.googleusercontent.com/16/type/image/gif,https://lh3.googleusercontent.com/drive-storage/AJQWtBOSGrhZLG6BJGrjxOorediGjGHA3ChnxGHQZ1iG-6EQ_2gWnBYg00ATriUsn4GAjG28V8BtiLTXwdN6jXf-zsnGHVma5nJDDQrgqxhd4I9wMI4=s220,6 Tour extérieur.gif,gif
7,1-QY64GD4txJI1_VfI9sLq69BILJoaFfr,7 Traversée tour intérieur à droite.gif,image/gif,https://drive.google.com/file/d/1-QY64GD4txJI1_VfI9sLq69BILJoaFfr/view?usp=drivesdk,https://drive-thirdparty.googleusercontent.com/16/type/image/gif,https://lh3.googleusercontent.com/drive-storage/AJQWtBOppMcfCN0rstyHTo0lelqpEgHvSQ5A7_PcaPl9Di5iu6WLJUCivW8sZcPbTBCJwyn2a10f2T-IOS-RCgwARbkkj0teJu8NuqUu5WWknbaxjvs=s220,7 Traversée tour intérieur à droite.gif,gif
8,1tdLvligNwIojcduklYvNPcZAKy3lI3fy,8 Traversée tour extérieur à droite.gif,image/gif,https://drive.google.com/file/d/1tdLvligNwIojcduklYvNPcZAKy3lI3fy/view?usp=drivesdk,https://drive-thirdparty.googleusercontent.com/16/type/image/gif,https://lh3.googleusercontent.com/drive-storage/AJQWtBPZJU_lKtHrJ2-JIprYZRM7jNqHkC0z3wOVCQrOV7k0LVpMsY375SNsIl1nOiuxyMw0TS_eMCa-axILGCgx-qW8bvz_lML7g75w4x6HyFF5uEM=s220,8 Traversée tour extérieur à droite.gif,gif
9,1ZBJWH4T6EGP7p8wYmZz6OWyt9q_0UMFN,9 Barrage.gif,image/gif,https://drive.google.com/file/d/1ZBJWH4T6EGP7p8wYmZz6OWyt9q_0UMFN/view?usp=drivesdk,https://drive-thirdparty.googleusercontent.com/16/type/image/gif,https://lh3.googleusercontent.com/drive-storage/AJQWtBMvI8Tb2lVNFFEAriNy14ih16UUIiZL16z48l5UzfBxrSgpVFZ8hYVgPTZWasDD-zMKP4teQFjtcPz84Qggq89qLIlBPSmUpgwUg6rqQ21t-uI=s220,9 Barrage.gif,gif
10,12DJekf2lv9lxviwIzB9-0uSs4sxweSR5,10 Couple sortie sous le bras.gif,image/gif,https://drive.google.com/file/d/12DJekf2lv9lxviwIzB9-0uSs4sxweSR5/view?usp=drivesdk,https://drive-thirdparty.googleusercontent.com/16/type/image/gif,https://lh3.googleusercontent.com/drive-storage/AJQWtBMy9uGwZieM2qRmQi1HH_c6BxkllZT1dqAxlnNODNqnF1gEwUvFtBvhX2-HvbYiidzY7zhso3Qj8nZZikpOJq90LEIRX0_HTEOryeu6PVt8E-I=s220,10 Couple sortie sous le bras.gif,gif
11,1qXFLzjZhbGBFyqcFMr90odUQDHnphD_3,11 Couple sortie relâchée.gif,image/gif,https://drive.google.com/file/d/1qXFLzjZhbGBFyqcFMr90odUQDHnphD_3/view?usp=drivesdk,https://drive-thirdparty.googleusercontent.com/16/type/image/gif,https://lh3.googleusercontent.com/drive-storage/AJQWtBNKzY82cjXBpny7-F0PULFmtamTr5zS85-fz00obrWcZYhs5rGZcMM6fjy74MJNQ0lU7ptEmi4utdhGREkgEFukpcUedZjG4D5yZ3Tn6k5-c10=s220,11 Couple sortie relâchée.gif,gif
12,1hGrLy1-pmx28CkUOlt36R6xHjdt8d9uP,12 Trois tapes et tour cavalière.gif,image/gif,https://drive.google.com/file/d/1hGrLy1-pmx28CkUOlt36R6xHjdt8d9uP/view?usp=drivesdk,https://drive-thirdparty.googleusercontent.com/16/type/image/gif,https://lh3.googleusercontent.com/drive-storage/AJQWtBPvFRjWhNdpJHUMP37h9LTmKKw3jF1uFT60D3Mg3zDSpulsaaavRTmtIE-SwxRRWT8oYU_aiF8XY-NzkhXm7vCdOx_PuRMbzE1NduvSg6IfjA=s220,"12 Trois tapes, tour fille.gif",gif
13,127px88fg77lEXPYzRDn9HK1nphrbwvBQ,13 Trois tapes les deux tournent.gif,image/gif,https://drive.google.com/file/d/127px88fg77lEXPYzRDn9HK1nphrbwvBQ/view?usp=drivesdk,https://drive-thirdparty.googleusercontent.com/16/type/image/gif,https://lh3.googleusercontent.com/drive-storage/AJQWtBMA2Az6Zj2sQYZvCLLCwUG-M1iqW9tgkmKN8ONFof2LmaHh_QBvcyr-zyPURNcnZUxWU0KqlCUkdJqQdRgghuFV8dQpMeCInTuc2wYy1NwEQgQ=s220,13 Trois tapes les 2 tournent.gif,gif
14,19suvVUpu8xdJqt5S2jHHgFvy4ZDEnRpo,14 Mise en corbeille.gif,image/gif,https://drive.google.com/file/d/19suvVUpu8xdJqt5S2jHHgFvy4ZDEnRpo/view?usp=drivesdk,https://drive-thirdparty.googleusercontent.com/16/type/image/gif,https://lh3.googleusercontent.com/drive-storage/AJQWtBMP9qpEdhfCOPIVKdgNFHu8dPn0TSpmIsFiR5ZdCMez0xpgz9xhvVRlrNhRGRFyo__NfkHYagZxhrQUbcPkVrcUMPpREgm7moK3ptN9rCFQcw=s220,14 Mise en corbeille.gif,gif
15,1h2fJpUGDBExuQbrG_ycaq9VmmXpvLvs6,15 Mise en panier.gif,image/gif,https://drive.google.com/file/d/1h2fJpUGDBExuQbrG_ycaq9VmmXpvLvs6/view?usp=drivesdk,https://drive-thirdparty.googleusercontent.com/16/type/image/gif,https://lh3.googleusercontent.com/drive-storage/AJQWtBPFZDtkdHnu9bEpSzdzED1WOaDkPNON0d2f_PjjL19liJUW_x1A9Aoe6AJTts4NOb1_afl36e6AeggwQj8EykjuPdvliJki3QLHpiyGrr9uTg0=s220,15 Mise en panier.gif,gif
16,1ya89kQ0DDNryi90fLefFrDY-ArP7KaXl,16 Mise en berceau.gif,image/gif,https://drive.google.com/file/d/1ya89kQ0DDNryi90fLefFrDY-ArP7KaXl/view?usp=drivesdk,https://drive-thirdparty.googleusercontent.com/16/type/image/gif,https://lh3.googleusercontent.com/drive-storage/AJQWtBOe4m-gMoY8PKWvRJarnnXB7I4QU6qp8ST7kxI6vAxrLp4XdD0Jb3Yj-1XGipW4QyZNcNAJpqRgpxx7U7S5wTsZrjTYRaWIeSTJrUxsdFW5bDc=s220,16 Mise en berceau.gif,gif
17,1raqqnbI-FWdUiOY-eEKhHvlQlfvzppbA,17 Balade panier ligne fille.gif,image/gif,https://drive.google.com/file/d/1raqqnbI-FWdUiOY-eEKhHvlQlfvzppbA/view?usp=drivesdk,https://drive-thirdparty.googleusercontent.com/16/type/image/gif,https://lh3.googleusercontent.com/drive-storage/AJQWtBP2t34-l7lXVE8mhQLCzawB1qcoHTl0Lnz6grH2b3sN8Iwi3PSIbw6KL6uxPaPOkCxHHC9GeMpCtHYx8Nwm5IpbG0H_ybGwgSwh0LhZjD78QE4=s220,17 Balade panier ligne fille.gif,gif
18,1xsZi9Mdx51AgueRY6j94Ou1lOS5eePTl,18 Balade panier ligne garçon.gif,image/gif,https://drive.google.com/file/d/1xsZi9Mdx51AgueRY6j94Ou1lOS5eePTl/view?usp=drivesdk,https://drive-thirdparty.googleusercontent.com/16/type/image/gif,https://lh3.googleusercontent.com/drive-storage/AJQWtBNwjL50NQebwGeaZksJvASRZYjQClkxNFMKi8t-9PciW80YzX-vpeyq1oxuFMu5kv2PP_L8zAastML3HuACsvKJqGeWY7coe3LZIrmHUp6gTg=s220,18 Balade panier ligne garçon.gif,gif
19,1tEqwkTqwSn69xCiQxg8aJsbYaCGnaenQ,19 Balade corbeille ligne fille.gif,image/gif,https://drive.google.com/file/d/1tEqwkTqwSn69xCiQxg8aJsbYaCGnaenQ/view?usp=drivesdk,https://drive-thirdparty.googleusercontent.com/16/type/image/gif,https://lh3.googleusercontent.com/drive-storage/AJQWtBNF7fkWsBBl2oTJBxzevihVXpPIm8GqQjh4hthbpX3oiRdHrtsSMMScn4-4JC4TH5I6P6piADG0-xj_cfmYlAkw2Ac_Orce0y0g-GgGcX_xNqI=s220,19 Balade corbeille ligne fille.gif,gif
20,1yYnDf2FnoBkZtf6lTOlllftNLezC7XBV,20 Balade corbeille ligne garçon.gif,image/gif,https://drive.google.com/file/d/1yYnDf2FnoBkZtf6lTOlllftNLezC7XBV/view?usp=drivesdk,https://drive-thirdparty.googleusercontent.com/16/type/image/gif,https://lh3.googleusercontent.com/drive-storage/AJQWtBMmLWMSySgF8PzXzb8wLBs5SObg9eShIh61AL9I4cYguAuxRWBCbw2yMWfgzq_qWCkYdPzOJnOagvC5aEVPVIo6KgsPAo_z1zc8lRbmlV7vwZA=s220,20 Balade corbeille ligne garçon.gif,gif
21,1WMo1YqLrrjjoWJTbLigTkG5xnOxOMoGr,21 Balade berceau ligne fille.gif,image/gif,https://drive.google.com/file/d/1WMo1YqLrrjjoWJTbLigTkG5xnOxOMoGr/view?usp=drivesdk,https://drive-thirdparty.googleusercontent.com/16/type/image/gif,https://lh3.googleusercontent.com/drive-storage/AJQWtBP4PM3oS9mH7KsUxnbUcX6pyjb3V8GH46wqgTcguNXuuGO-tw28rO1lVZfZRiCcoPWV6SgjZX8XxaCaCCF36jOkpyhMLygvinRMQzxfZ-re7Ok=s220,21 Balade berceau ligne fille.gif,gif
22,1bTkrutsVuLwIN1H3ltg_32CznkDJz6KS,22 Balade berceau ligne garçon.gif,image/gif,https://drive.google.com/file/d/1bTkrutsVuLwIN1H3ltg_32CznkDJz6KS/view?usp=drivesdk,https://drive-thirdparty.googleusercontent.com/16/type/image/gif,https://lh3.googleusercontent.com/drive-storage/AJQWtBNTcmpnZzp0NrxJznl02PaGRfZj7FFZALo1THbu8SbK_OEvtsmQcZb02UtHOGxpH9fIfYMKltdNhW_AhzXILm56yj6o6ESGhpqM1GuGrHwADro=s220,22 Balade berceau ligne garçon.gif,gif
23,1po7g3HFZQK27GhT8j5wTkV0FuzpDMIRL,23 Balade mains parallèles ligne fille.gif,image/gif,https://drive.google.com/file/d/1po7g3HFZQK27GhT8j5wTkV0FuzpDMIRL/view?usp=drivesdk,https://drive-thirdparty.googleusercontent.com/16/type/image/gif,https://lh3.googleusercontent.com/drive-storage/AJQWtBNAsRS0UKiDfvIVQklagSB9pMMl-3C4qSt0GTlFVADagTgICKKrKDwPFNufNXyo-JCAXaaWSGOrpX763OMpnC9MCJTyuxIohqkSd0KONbuwgE4=s220,23 Balade mains parallèles ligne fille.gif,gif
24,1y7hXXMox45HQi01o8TUEW4pTDVVRoZBy,24 Balade mains parallèles ligne garçon.gif,image/gif,https://drive.google.com/file/d/1y7hXXMox45HQi01o8TUEW4pTDVVRoZBy/view?usp=drivesdk,https://drive-thirdparty.googleusercontent.com/16/type/image/gif,https://lh3.googleusercontent.com/drive-storage/AJQWtBMOn-N6GDJ2J1IxbgGG88HCH6NPaERVPaiUHR8lZVnWtfhWXcxD4Ix6acj8qv1Yu7LH72t1gGVgi39DiibLlnmfHPox9KJjLRwQG1m1cYdZsH8=s220,24 Balade mains parallèles ligne garçon.gif,gif
25,16T7aJqmbv2zCJhIwOs6qigfcMmjumNZG,25 Cha-cha.gif,image/gif,https://drive.google.com/file/d/16T7aJqmbv2zCJhIwOs6qigfcMmjumNZG/view?usp=drivesdk,https://drive-thirdparty.googleusercontent.com/16/type/image/gif,https://lh3.googleusercontent.com/drive-storage/AJQWtBMlGMXHnSDzt3TJtsZaTkg-WN3mMGskhLlPT3N1yDXs9TErqWqxj0IzPfwSL1gMXuu0u2XbNREOKAu7XZ4u6RwZtawbU53kcTE8eWDmpeCodRQ=s220,25 Cha-cha.gif,gif
26,1SKjYFXXEcRKKgTgWzTyCQbWSSEFL_-YV,26 Spaghetti simple.gif,image/gif,https://drive.google.com/file/d/1SKjYFXXEcRKKgTgWzTyCQbWSSEFL_-YV/view?usp=drivesdk,https://drive-thirdparty.googleusercontent.com/16/type/image/gif,https://lh3.googleusercontent.com/drive-storage/AJQWtBM7s4MwKsK9qMjfwTtJW5KSRJIvoMGs1h1TgpBqfPPNOEcx_jFxG_YV0YlI79LaKWEbb7iI04l4Uo0_96Y4PXNTVGwAhwKMOahWf-18P6sbb0c=s220,26 Spaghetti simple.gif,gif
27,1nnQrbmo3DrtvxhJ2RynS9ZWHlKEkzu-s,27 Spaghetti infini.gif,image/gif,https://drive.google.com/file/d/1nnQrbmo3DrtvxhJ2RynS9ZWHlKEkzu-s/view?usp=drivesdk,https://drive-thirdparty.googleusercontent.com/16/type/image/gif,https://lh3.googleusercontent.com/drive-storage/AJQWtBMiAxY9pBpmTe_LiyZWqePs5KqaMNI6vVGVXnRnQ2F7r0nCKkedLmonWQYXYZDI1HA07qqsy76VdYXyG_AkcFs7p5cLpeVFdehZDeJg9PnPCw=s220,27 Spaghetti infini.gif,gif
28,1FeOg4cMlunLDPh7Ra6IFVrIRTB5EZNXN,28 Feinte de spaghetti.gif,image/gif,https://drive.google.com/file/d/1FeOg4cMlunLDPh7Ra6IFVrIRTB5EZNXN/view?usp=drivesdk,https://drive-thirdparty.googleusercontent.com/16/type/image/gif,https://lh3.googleusercontent.com/drive-storage/AJQWtBOnSsUJiEmXgP8Viq2AiPThIVxeWUiI_1XCAkk1H4woqRoWXQx0jzzrRiinqlElfdt9L4rUM7x-WdS72TSQ7Nai7KIObS91i_r2px-JBGW6ISI=s220,28 Feinte de spaghetti.gif,gif
29,1FN1O4fAaKGIZc53Qk9BF4BipgnvT_djY,29 Enroulé simple.gif,image/gif,https://drive.google.com/file/d/1FN1O4fAaKGIZc53Qk9BF4BipgnvT_djY/view?usp=drivesdk,https://drive-thirdparty.googleusercontent.com/16/type/image/gif,https://lh3.googleusercontent.com/drive-storage/AJQWtBOifRPOXdP5buqG_bJj7RGdBYBlI42tIUObuWjDVrtI7TN9WWTslCWClH61a2bnKvxSo_eO77iFAVKg_zvlIVIH5mjW-E_r6JG6MgxJn2-zLQ=s220,29 Enroulé simple.gif,gif
30,1Ta3DH2EdhM8M4Tkvw_WL5t9I29XGhq-A,30 Enroulé genou.gif,image/gif,https://drive.google.com/file/d/1Ta3DH2EdhM8M4Tkvw_WL5t9I29XGhq-A/view?usp=drivesdk,https://drive-thirdparty.googleusercontent.com/16/type/image/gif,https://lh3.googleusercontent.com/drive-storage/AJQWtBPMafEPg32cY_7AFOaxhxQA6_FJnWg3rgUBx08r60R6WtcRcPMra_JWqOYUaPIfOirdLT8VMiFEScLPJahp30XMXdfqyhbqoOwPYNLMA0DXP1c=s220,30 Enroulé genou.gif,gif
31,14yQufHCq3WYFIq8XwNNH86hHUJ53qQZc,31 Enroulé long.gif,image/gif,https://drive.google.com/file/d/14yQufHCq3WYFIq8XwNNH86hHUJ53qQZc/view?usp=drivesdk,https://drive-thirdparty.googleusercontent.com/16/type/image/gif,https://lh3.googleusercontent.com/drive-storage/AJQWtBOi3JgUaQ6byRboTkPmSIydTngHv_oafrbEPsFVlrM2SckfuWoo3AC7nhrHWqiQwGUiJY8Q9cpulOM0U3gAily3ue4FIwRaKyy7d5AjkbnfJBY=s220,31 Enroulé long.gif,gif
32,1YFFSuYsYX_v6pMXmrT2q4rshZz_A2Iqb,32 Enroulés infinis.gif,image/gif,https://drive.google.com/file/d/1YFFSuYsYX_v6pMXmrT2q4rshZz_A2Iqb/view?usp=drivesdk,https://drive-thirdparty.googleusercontent.com/16/type/image/gif,https://lh3.googleusercontent.com/drive-storage/AJQWtBNkoY76pb6YegcAuL1mJP5RANbyZl6IXpgF6kcKKP-oKa94cVkzP2OelqA_95dkUpEclfvSiQFFBtQljJDr0hJ3rH45x8phvSm-3bxVFxueRIY=s220,32 Enroulés infinis.gif,gif
33,1PXW1JuWLVkz_uKPD46Cvd8A5AER2rcGW,33 Tour extérieur MG MD.gif,image/gif,https://drive.google.com/file/d/1PXW1JuWLVkz_uKPD46Cvd8A5AER2rcGW/view?usp=drivesdk,https://drive-thirdparty.googleusercontent.com/16/type/image/gif,https://lh3.googleusercontent.com/drive-storage/AJQWtBNQ8TjqOyRRq1hMSEhBej6T47-aPpvOpvRKWQUvcFuaxlSV5oBp1dXXw7qyM1UqHfMs1WlBvSWvcdbIniNfqRCU_J1df1F-ToAAExr6yZ8KEQ=s220,33 Tour extérieur MG MD.gif,gif
34,1-JDK9gz2PF85NPR7lDCCBwCIWxJjEZJi,34 Tour intérieur MD MG.gif,image/gif,https://drive.google.com/file/d/1-JDK9gz2PF85NPR7lDCCBwCIWxJjEZJi/view?usp=drivesdk,https://drive-thirdparty.googleusercontent.com/16/type/image/gif,https://lh3.googleusercontent.com/drive-storage/AJQWtBNZ4MmCuKRGap0x03jbEaVotYnL7UpF78P5HzCAjwyzs7k4-I9FxMF5Y-Wpsz1YuBFG3llOXmZoG97QnAARxhkral-vhRrglEgOg_q787arYlU=s220,34 Tour intérieur MD MG.gif,gif
35,1tZAXdEsebUc6zdfEqfWU-iw-RxbPLmGt,35 Caresse MD MG.gif,image/gif,https://drive.google.com/file/d/1tZAXdEsebUc6zdfEqfWU-iw-RxbPLmGt/view?usp=drivesdk,https://drive-thirdparty.googleusercontent.com/16/type/image/gif,https://lh3.googleusercontent.com/drive-storage/AJQWtBMIWErBPb6CXLJ_nhVTom2DGxFnuIJQ6oOx83r-DcVoBEpTvAn_KTIa8fkX6Xo2jkdyvPCJWihbcMiXjW_Kt7Oc0GRSxXooyt2PfqtkMhPLydQ=s220,35 Caresse MD MG.gif,gif
36,1x_hWBFyD5L0vcRvh8g3hRViDsFkepQI2,36 Caresse inversée.gif,image/gif,https://drive.google.com/file/d/1x_hWBFyD5L0vcRvh8g3hRViDsFkepQI2/view?usp=drivesdk,https://drive-thirdparty.googleusercontent.com/16/type/image/gif,https://lh3.googleusercontent.com/drive-storage/AJQWtBPikErsk73-6HMQAsv2-_on2-ucz-ehHZzK6YAP2E6XcfBd7QwWqB1E5EBVI27YC3Dcswsx2JWtb3jF2E_15o750LCqJMGgQjf-naHXafqrxDc=s220,36 Caresse inversée.gif,gif
37,1txgX1nhjb_NtSwloz6KHPW3CvFAg-A1N,37 Traversée 2 tours extérieurs.gif,image/gif,https://drive.google.com/file/d/1txgX1nhjb_NtSwloz6KHPW3CvFAg-A1N/view?usp=drivesdk,https://drive-thirdparty.googleusercontent.com/16/type/image/gif,https://lh3.googleusercontent.com/drive-storage/AJQWtBO6cYW_aLJ1D-OGYDtnUXF-Zau1fTaYwZSdhsdMdgIIMhQI4mqEc_o20-oUNSag02j-wYUjQI7bUbKj6239DN2d5XhQhT1JM-DVgkk7Jcrsotk=s220,37 Traversée 2 tours extérieurs.gif,gif
38,1TwcR4t_DX4lxmIm09gBIxfsfY3OMxjPL,38 Chgt main dans le dos.gif,image/gif,https://drive.google.com/file/d/1TwcR4t_DX4lxmIm09gBIxfsfY3OMxjPL/view?usp=drivesdk,https://drive-thirdparty.googleusercontent.com/16/type/image/gif,https://lh3.googleusercontent.com/drive-storage/AJQWtBMAPTSa426HAvfqKx-lZjwE1UE-gmkOxjROY965UmzGt536C9q3i47bv3c5IHF4tXAsFyzq50Yppwwysf2bDh-004Hv-oKw7OXrTcc4_1GwmA=s220,38 Chgt main dans le dos.gif,gif
39,1V3di-FwDumpYN01_jpkIM3M5d15T1lQP,39 Jeu de regard panier.gif,image/gif,https://drive.google.com/file/d/1V3di-FwDumpYN01_jpkIM3M5d15T1lQP/view?usp=drivesdk,https://drive-thirdparty.googleusercontent.com/16/type/image/gif,https://lh3.googleusercontent.com/drive-storage/AJQWtBPnVdgK43eMR3atKiOgEvBV7TYyhPwoAIv7oi7rLjdpQQZc_3ehc78orSC_ql5ELYN7bYQTcLdP4jva0kmlJbJMjyfe8Kc3J0dRr87rM_9vp_k=s220,39 Jeu de regard panier.gif,gif
40,1mfYPbyLEuvbtoOA9k3Nx_uIlsS0CIZue,40 Jeu de regard corbeille.gif,image/gif,https://drive.google.com/file/d/1mfYPbyLEuvbtoOA9k3Nx_uIlsS0CIZue/view?usp=drivesdk,https://drive-thirdparty.googleusercontent.com/16/type/image/gif,https://lh3.googleusercontent.com/drive-storage/AJQWtBNS9_FgEniqWuPWhOt4nB5YIXd4ds8goWi8VOZSBwoC55X27kj54-uCc3pejdqX97qbr6JYOw6GardAvxgyiUa6gvYAZvn7zwPg6IyAGtRirvg=s220,40 Jeu de regard corbeille.gif,gif
41,1DeZoEHpjLSuiO8vEMK52atAwbeFiM6cR,41 Jeu de regard berceau.gif,image/gif,https://drive.google.com/file/d/1DeZoEHpjLSuiO8vEMK52atAwbeFiM6cR/view?usp=drivesdk,https://drive-thirdparty.googleusercontent.com/16/type/image/gif,https://lh3.googleusercontent.com/drive-storage/AJQWtBMZICviZGyAjeClsp5PRBG0mi4fzOpzNr3g-kg6IGWJlSpzcOokQcaa1KpmZhnBclMTQCYyf8tSQnoaCWiNgR5ZH6CvbrNZA9haKaqA09sOefU=s220,41 Jeu de regard berceau.gif,gif
43,15Y9kiEa_f-POmFICMS4KruUnnkEMGEVb,43 Epaule-épaule.gif,image/gif,https://drive.google.com/file/d/15Y9kiEa_f-POmFICMS4KruUnnkEMGEVb/view?usp=drivesdk,https://drive-thirdparty.googleusercontent.com/16/type/image/gif,https://lh3.googleusercontent.com/drive-storage/AJQWtBPVO6AHa8yhtYIdyouPWUHJWDTfbNPyfZsB4xazV1wIfJLRSJm4cMRmLRmJw2oErE2HEBCstNBhCEKK_ZzJpec57H-CUrLiOzdQbZlKyb2H4jY=s220,43 Epaule-épaule.gif,gif
44,1lpR08jXuwVhkqvx498qrZA_m3YPcZrrS,44 L_incontournable.gif,image/gif,https://drive.google.com/file/d/1lpR08jXuwVhkqvx498qrZA_m3YPcZrrS/view?usp=drivesdk,https://drive-thirdparty.googleusercontent.com/16/type/image/gif,https://lh3.googleusercontent.com/drive-storage/AJQWtBOxxSnnR1JNq3Cqc9hZ8Hsfue_TrJj02vzGglbk21MI0LMzR2yDP5lmnbYUrbroobiTB-FZFjRaXTD-0TLsrWdvmrbuwtQK1wTjMdxLZdPPRg=s220,44 L_incontournable.gif,gif
45,1Rh9CXh4m4puPi6A76Vb6wiIVWJip_cDe,45 Décalé.gif,image/gif,https://drive.google.com/file/d/1Rh9CXh4m4puPi6A76Vb6wiIVWJip_cDe/view?usp=drivesdk,https://drive-thirdparty.googleusercontent.com/16/type/image/gif,https://lh3.googleusercontent.com/drive-storage/AJQWtBNen6baJgYy2m4_SDPW1fl1b2eFHGD2EwJ3Yn15lP3LhudyY9UlUPEvzElMb0hJZpjCi54qoZ9T6UpSlu5oEDazfdqKgaVlY5F--owvj2UsZZI=s220,45 Décalé.gif,gif
46,1Icy03kFKgXdr8-EgDct47l5uCyWuY_t9,46 Penché.gif,image/gif,https://drive.google.com/file/d/1Icy03kFKgXdr8-EgDct47l5uCyWuY_t9/view?usp=drivesdk,https://drive-thirdparty.googleusercontent.com/16/type/image/gif,https://lh3.googleusercontent.com/drive-storage/AJQWtBPFn0phlA2MLa67ykjTBZpYW1jO_bd0gcQGxMj1aNrKwZbAYg3_GSfgWoOQqMpfCfCtH2gVp5vHAnAzTWLoIjE4FQOIXasMtadox47GVjWpdw=s220,46 Penché.gif,gif
47,1js571yVcASxOcHixowmKokB9get9EVWq,47 Tombé à droite.gif,image/gif,https://drive.google.com/file/d/1js571yVcASxOcHixowmKokB9get9EVWq/view?usp=drivesdk,https://drive-thirdparty.googleusercontent.com/16/type/image/gif,https://lh3.googleusercontent.com/drive-storage/AJQWtBOr-XSfDJ40Rk-kNhQOo54kFH5jpUKgn_n2IIMox8lZTjBNwi5bpbd9xpS1JGQzwISWsEfeIpkMJjFaZwRSU1HyIl2db7UP3u458NLFCcMg15w=s220,47 Tombé à droite.gif,gif
48,1crEMNaRwIKkokQFIlr75eCGdBlYjaT1H,48 Tombé à gauche.gif,image/gif,https://drive.google.com/file/d/1crEMNaRwIKkokQFIlr75eCGdBlYjaT1H/view?usp=drivesdk,https://drive-thirdparty.googleusercontent.com/16/type/image/gif,https://lh3.googleusercontent.com/drive-storage/AJQWtBM_StLIT-TmVqu6-GMKYNnDt1fLYP-G3sYjyklS5ceqhMoV2p6mXW7ih3FOCFTKl45JRb82nxtVfI8G4xy17d1_NqD_rOnBPeqhjh899XKxJ78=s220,48 Tombé à gauche.gif,gif
49,1f0b5crnSr53L6bBQVCNJuxjWQAo_EiMd,49 Bossu à une main.gif,image/gif,https://drive.google.com/file/d/1f0b5crnSr53L6bBQVCNJuxjWQAo_EiMd/view?usp=drivesdk,https://drive-thirdparty.googleusercontent.com/16/type/image/gif,https://lh3.googleusercontent.com/drive-storage/AJQWtBMWbIjkncfVADJOFKMV7dOIsgXOgKrq35WmbqYbg0Za7KGv838GWGrn_Y-TxFhWdaF66P4HHxEhnSpUNJp0lM71AVB1vv9ML2nxUuRJgjha59o=s220,49 Bossu à une main.gif,gif
50,1mHUWQqPXufpmR5b7lUVfuKc3tvj1jJ88,50 Bossu à 2 mains.gif,image/gif,https://drive.google.com/file/d/1mHUWQqPXufpmR5b7lUVfuKc3tvj1jJ88/view?usp=drivesdk,https://drive-thirdparty.googleusercontent.com/16/type/image/gif,https://lh3.googleusercontent.com/drive-storage/AJQWtBMFSkHfR__6TcLwFw8xFPGRdbruU2JMMzggyWn1qWPZsvslvy8CCVDoDfj1HnfP8sLeNzyV1Qzl4TgQn0aYm9xUnEwmp_wXqcn5p-ybPXJGJz4=s220,50 Bossu à 2 mains.gif,gif
51,1A5JHbDQAOyteglJEMRKvBi5Cepf0aPvj,51 Clé de bras infinie.gif,image/gif,https://drive.google.com/file/d/1A5JHbDQAOyteglJEMRKvBi5Cepf0aPvj/view?usp=drivesdk,https://drive-thirdparty.googleusercontent.com/16/type/image/gif,https://lh3.googleusercontent.com/drive-storage/AJQWtBMAEetmeo2m1e3saCe0Y7CUK0hdP6LwFL9NWjzlNWKmkzmf5TCirSIwURS3EsMCACrRJCYI3OIsdESjugMvoy9YwjAEwGHQaFxCrEv9gzwJeyk=s220,51 Clé de bras infini.gif,gif
52,16ReN4lYhA9SFcWBaNwgpgiJiKVrtN05U,52 Espagnole simple.gif,image/gif,https://drive.google.com/file/d/16ReN4lYhA9SFcWBaNwgpgiJiKVrtN05U/view?usp=drivesdk,https://drive-thirdparty.googleusercontent.com/16/type/image/gif,https://lh3.googleusercontent.com/drive-storage/AJQWtBNIQS9_JFI1u1ei9dUatuhZ47r6lvErGfHDVe-n2svmHWiZX20-iwTf7ha4SU88TiWYHVDMtuK2fR25a-0m7Vd4_D7wVcBDXBLx-v_NIxIXRA=s220,52 Espagnole simple.gif,gif
53,19sE5y-MZd-HuJjiHMPeTFQDgfuF-22u0,53 Espagnole infinie.gif,image/gif,https://drive.google.com/file/d/19sE5y-MZd-HuJjiHMPeTFQDgfuF-22u0/view?usp=drivesdk,https://drive-thirdparty.googleusercontent.com/16/type/image/gif,https://lh3.googleusercontent.com/drive-storage/AJQWtBNgk1AiXWC7Z5796PadyRLe3b1Vcu7U5k5LT1JPw0PlQNWlxGYt8F3qF0TcL4hMlTTOw4SuefygocRzyX4Qke4YAHjmdmDri-Wm56WKgx8NCcg=s220,53 Espagnole infinie.gif,gif
54,1dMvXZm_NPrpnyCaYg6by-bxarDpEAOIs,54 Espagnole et enroulés.gif,image/gif,https://drive.google.com/file/d/1dMvXZm_NPrpnyCaYg6by-bxarDpEAOIs/view?usp=drivesdk,https://drive-thirdparty.googleusercontent.com/16/type/image/gif,https://lh3.googleusercontent.com/drive-storage/AJQWtBP-L-WsnRsvNPcu4y18eJWZ1cSVFcJBSWoeMuo3x-bySdN_ie6MUZB9T9DEQSu39SCcC4rBO8GaaxLDKrAFdilGfEWAb3XTHFaqeOuLhmp3qmM=s220,54 Espagnole et enroulés.gif,gif
55,1cUi8T5NU6XVKr7mnfljGsOb961xUNC39,55 Espagnole déboulés infini.gif,image/gif,https://drive.google.com/file/d/1cUi8T5NU6XVKr7mnfljGsOb961xUNC39/view?usp=drivesdk,https://drive-thirdparty.googleusercontent.com/16/type/image/gif,https://lh3.googleusercontent.com/drive-storage/AJQWtBPAMSo-3jiC1m5POrYor8ts_bw6c12OB9Zox-fDrsT1YlJWE9j-zDz7zocjfUUGkJEuCNMkLYw7p6wfcj19SaYhBVqnLesPWX6JMs1qq20eGTE=s220,55 Espagnole déboulés infini.gif,gif
56,19xXkPQbh_JndmpU-pUm_Q48ToFO7VRi8,56 Espagnole Jeu de regard V1.gif,image/gif,https://drive.google.com/file/d/19xXkPQbh_JndmpU-pUm_Q48ToFO7VRi8/view?usp=drivesdk,https://drive-thirdparty.googleusercontent.com/16/type/image/gif,https://lh3.googleusercontent.com/drive-storage/AJQWtBP3Gx6eej8gBnMxfdNRq_AeVSpJpaADuH7vQjmPp9gU6Od-fp08pwbfDbPMcdJQog10qnqopciBpIQJqRsHvkv0ijtFq8l_8B8JjAirvKkZdIc=s220,56 Espagnole Jeu de regard V1.gif,gif
57,1LozeokbwNeIGewpjTd-QZ_nS0W4His5G,57 Espagnole Jeu de regard V2.gif,image/gif,https://drive.google.com/file/d/1LozeokbwNeIGewpjTd-QZ_nS0W4His5G/view?usp=drivesdk,https://drive-thirdparty.googleusercontent.com/16/type/image/gif,https://lh3.googleusercontent.com/drive-storage/AJQWtBMPP9t-Qrm9mDhUxl57Qlb6h-2XgtpujZfH3wK4epy9W3r6hUewT_avhWV5NjrVF2UgK6cW9uUx6JV0skZ0v7aPBplM1i8jpik8TEg59EGvcxU=s220,57 Espagnole Jeu de regard V2.gif,gif
58,11uPjPcITB4isLrpo1R2iT9128gRbbXdx,"58 Espagnole garçon, Spaghetti inversé.gif",image/gif,https://drive.google.com/file/d/11uPjPcITB4isLrpo1R2iT9128gRbbXdx/view?usp=drivesdk,https://drive-thirdparty.googleusercontent.com/16/type/image/gif,https://lh3.googleusercontent.com/drive-storage/AJQWtBMZKQRy5SlDDymASMgGZhHiwc7QIdqv5mmAXK2b2hpD1kb2oOIF_ud_Rk9XMpcvXSteMpsxA6snq_I4vjB5_fWuMl_LRp_7kj8MZglW-Io07A=s220,"58 Espagnole garçon, Spaghetti inversé.gif",gif
59,1DwiNruJ6lLHYEEO6d52I0unnwEfMhVSn,"59 Espagnole inversée garçon, spaghetti.gif",image/gif,https://drive.google.com/file/d/1DwiNruJ6lLHYEEO6d52I0unnwEfMhVSn/view?usp=drivesdk,https://drive-thirdparty.googleusercontent.com/16/type/image/gif,https://lh3.googleusercontent.com/drive-storage/AJQWtBP_K5sNloWVyV6xcNs0MR9srsuH7AqLazClt3TzHlgEQNLeYnxfJziboD9RNEMxZ7d-FdllpiO-lopx8iKbXNjgUmDtuGn5YIX4VpHXG1veqIU=s220,"59 Espagnole inversée garçon, spaghetti.gif",gif
60,1mxZekalmMFWWdYAiKza0xlHG8pFfvgls,60 Satellite.gif,image/gif,https://drive.google.com/file/d/1mxZekalmMFWWdYAiKza0xlHG8pFfvgls/view?usp=drivesdk,https://drive-thirdparty.googleusercontent.com/16/type/image/gif,https://lh3.googleusercontent.com/drive-storage/AJQWtBO2thAwmd75zAny4yr4v6TDH0jRC_F7Oq7GMqn9YYK3jGvHODUlZxxxd1tvvku2Two40ldQqXSTMf1xeR8r-oMw1qpfSZGDK6xfdRLC29URbLU=s220,60 Satellite.gif,gif
61,1lqhKWFuOJOpT4w13nkf_5Sx0kNNlDZj6,61 Satellite tombé à droite.gif,image/gif,https://drive.google.com/file/d/1lqhKWFuOJOpT4w13nkf_5Sx0kNNlDZj6/view?usp=drivesdk,https://drive-thirdparty.googleusercontent.com/16/type/image/gif,https://lh3.googleusercontent.com/drive-storage/AJQWtBPyWcobZHA0giK3o9_lGAh6gcW0uWp90izw7i5gn7chiM2by5kSovuKDlAyCLh0Zvyeqzes97suX8QIHFRx2_ty-0pmIqFZnas4Z3GB9j01f0g=s220,61 Satellite tombé à droite.gif,gif
62,1pcFTpsqQULC3UOqHfAitONfJVWxqIEry,62 Satellite inversé.gif,image/gif,https://drive.google.com/file/d/1pcFTpsqQULC3UOqHfAitONfJVWxqIEry/view?usp=drivesdk,https://drive-thirdparty.googleusercontent.com/16/type/image/gif,https://lh3.googleusercontent.com/drive-storage/AJQWtBORuW9iLX7Btcji1OVP2_7DR6WwIzyq5TwCQwBBgTPtJOcerI2cNGbFp6EUDQ69jUBVctkRWfFvcT_i-S7aLp7kb8SnI4T_vtBHVh3cuwhztw=s220,62 Satellite inversé.gif,gif
63,14_mKfwxMMmGD0IpR1gVYo8RQY8mRJxAk,63 Fenêtre.gif,image/gif,https://drive.google.com/file/d/14_mKfwxMMmGD0IpR1gVYo8RQY8mRJxAk/view?usp=drivesdk,https://drive-thirdparty.googleusercontent.com/16/type/image/gif,https://lh3.googleusercontent.com/drive-storage/AJQWtBOFFJE-OWKjluFiKgZQpQUNiZU1tmmw2bQN7v3r1yBINywwobp_0nhAZYgnjQou0jlcG8OONxF8TGzsAzZ0FiARr4e_71nKIQm-LnXmQN-v17E=s220,63 Fenêtre.gif,gif
64,1OTInsV7SRaVWGR4W57BWJlM8VqWKjaAL,64 Catapulte simple.gif,image/gif,https://drive.google.com/file/d/1OTInsV7SRaVWGR4W57BWJlM8VqWKjaAL/view?usp=drivesdk,https://drive-thirdparty.googleusercontent.com/16/type/image/gif,https://lh3.googleusercontent.com/drive-storage/AJQWtBP5bgE7pY1D2fJfRT00AgynVlZqOhkMYkJCppauqLXMkjI0aU7RCymbaNMOJ203JOZqfUFod9wzodOYjPAia_NlHOkL0KIrsvsLqq6dLLH3Hlo=s220,64 Catapulte simple.gif,gif
65,1WzEWaeOz0rl3UGQusk3sM8oFJhBQbPJs,65 Catapulte tour lâché.gif,image/gif,https://drive.google.com/file/d/1WzEWaeOz0rl3UGQusk3sM8oFJhBQbPJs/view?usp=drivesdk,https://drive-thirdparty.googleusercontent.com/16/type/image/gif,https://lh3.googleusercontent.com/drive-storage/AJQWtBP860FY-uicjYSUQLTacem6te-4Gdw9cBfh9eKG_u3oQ9HG-M40maIyWiFy6-CycJDTJgOVs1eU6SI588P-_TL9w2-bqMlSxgTehCjgdneislY=s220,65 Catapulte tour lâché.gif,gif
66,1yzDAGHzene_xqo5jfgMSypMtXMUrtfxE,66 Catapulte demi-cage.gif,image/gif,https://drive.google.com/file/d/1yzDAGHzene_xqo5jfgMSypMtXMUrtfxE/view?usp=drivesdk,https://drive-thirdparty.googleusercontent.com/16/type/image/gif,https://lh3.googleusercontent.com/drive-storage/AJQWtBOq4SrnnoFURi6vbKKyEk-fvqAZNe_DKPOH42gPNnYLUE4I7AIb08TrCbBrTuldb5sD6m79AKy_0fXel894HOzmAtNKNsEqS3licvBrNHz8aEU=s220,66 Catapulte demi-cage.gif,gif
67,1YEL2E6DAUHkdDfUb77ZdKd5eho7An7yc,67 Catapulte demi-cage traversée.gif,image/gif,https://drive.google.com/file/d/1YEL2E6DAUHkdDfUb77ZdKd5eho7An7yc/view?usp=drivesdk,https://drive-thirdparty.googleusercontent.com/16/type/image/gif,https://lh3.googleusercontent.com/drive-storage/AJQWtBM6rTo4lscuu7s2Gc0DpCmSQlqZfi9XxMRBlLj5l7JQnGVTjSHMDf53-akrMhf1bxz-F_5gHBw98kxYS95Q7lO4hbmW8EYnBRRU5cfusHzKHg0=s220,67 Catapulte demi-cage traversée.gif,gif
68,1dvdswa83qhE84byR87E5mAQzsEBLYVbf,68 Catapulte cage.gif,image/gif,https://drive.google.com/file/d/1dvdswa83qhE84byR87E5mAQzsEBLYVbf/view?usp=drivesdk,https://drive-thirdparty.googleusercontent.com/16/type/image/gif,https://lh3.googleusercontent.com/drive-storage/AJQWtBMrJkPwWpgex4XxgKQC76Wzim9VwpNbBfwnx5S8quIkIKF4n-5HySKld-OLdxIX1zMpCGix10A3CEIdjeKrQFk0pVCJJU3z346_HSkdF4_nUcY=s220,68 Catapulte cage.gif,gif
69,1r7b8KujgheHNVLs--sbDq4wfs6BEs58J,69 First Move.gif,image/gif,https://drive.google.com/file/d/1r7b8KujgheHNVLs--sbDq4wfs6BEs58J/view?usp=drivesdk,https://drive-thirdparty.googleusercontent.com/16/type/image/gif,https://lh3.googleusercontent.com/drive-storage/AJQWtBNCDod95qP-ZaUgxczKESw4Y3uP0uLg1ZOu04yAERwwfj0ClD2C8LnsPZIY4iRpwiRmGzDs0snftHLKe0zcFLh1Umoh5NiJPvUSai5F6Toavg=s220,69 First Move.gif,gif
70,1BTFvOom4tG3Vvhw8iDWpdcy5b2yL0sI-,70 First move MG MD dos.gif,image/gif,https://drive.google.com/file/d/1BTFvOom4tG3Vvhw8iDWpdcy5b2yL0sI-/view?usp=drivesdk,https://drive-thirdparty.googleusercontent.com/16/type/image/gif,https://lh3.googleusercontent.com/drive-storage/AJQWtBP0FGNFm8Zk5M7Pszs7QL4_4QEbWLYK1zDRQLJ3aOZbRy2D3WMH6BBqta3wXO8RgidYq30XDNbC0NyRy7R7w0g7zK6F_BfgFM_9TuLWX1meRyM=s220,70 First move MG MD dos.gif,gif
71,1-3ySSdqvgR_m67kkDfGa5nCwjIuVCfBl,71 First Move MG MD épaule.gif,image/gif,https://drive.google.com/file/d/1-3ySSdqvgR_m67kkDfGa5nCwjIuVCfBl/view?usp=drivesdk,https://drive-thirdparty.googleusercontent.com/16/type/image/gif,https://lh3.googleusercontent.com/drive-storage/AJQWtBMHy-ptv7MXGBInLKhCfiPoCuRhEcJLOU0V7Lgzj3a5pW5ww9TPyTJkHiNqM0-D-YfejjVDDcKyKrlPoVGDLJOtmXGebS0AL4gLbBGeX9j93xA=s220,71 First Move MG MD épaule.gif,gif
72,1O1MAKKTjFQJ-LH0lFXT0Yr72yW9iNagP,72 First Move MG MD en amont.gif,image/gif,https://drive.google.com/file/d/1O1MAKKTjFQJ-LH0lFXT0Yr72yW9iNagP/view?usp=drivesdk,https://drive-thirdparty.googleusercontent.com/16/type/image/gif,https://lh3.googleusercontent.com/drive-storage/AJQWtBOioZbSx-A965U86ZR7JSO1qPspAAqSgOgwpYYw36IJlt-SWftJORxeNYsrF9JIwSaKnifVAbh4FSrVx_JfupPbjlon6mi7DKz-x9cTejJc4lw=s220,72 First Move MG MD en amont.gif,gif
73,1UmKHCXp-p-WCJflrq-jvnnhtuh6PE36p,73 First Move main droite.gif,image/gif,https://drive.google.com/file/d/1UmKHCXp-p-WCJflrq-jvnnhtuh6PE36p/view?usp=drivesdk,https://drive-thirdparty.googleusercontent.com/16/type/image/gif,https://lh3.googleusercontent.com/drive-storage/AJQWtBPsRf_pYLYrCmeF8aG9WzmF3ixDlA86NunpmpDTWzzqyPBrnSGw5uFt94h-h1wd2Ok8wWQdI5N6XKPnqvM-2z-lDyM16ka2c-UDNuCfBpeoNQ=s220,73 First Move main droite.gif,gif
74,1UNOsQR45A8xwfX9RT-tbOh_-caaj5a1T,74 Coup de fouet MD.gif,image/gif,https://drive.google.com/file/d/1UNOsQR45A8xwfX9RT-tbOh_-caaj5a1T/view?usp=drivesdk,https://drive-thirdparty.googleusercontent.com/16/type/image/gif,https://lh3.googleusercontent.com/drive-storage/AJQWtBPd0eOXdeMNJB8KX79alk4sNO5LzRwJX7t3S5evbYj_1pWxSrGNpknEzmLrha1PeDj9PDI1Q7_5VHDlJQUGflrzU1ArWg72Yj6Zizt60pHsSLU=s220,74 Coup de fouet MD.gif,gif
75,19mGn0jeGDuKSQs8mzXbMXRmr8UdXubjV,75 Coup de fouet MG en haut.gif,image/gif,https://drive.google.com/file/d/19mGn0jeGDuKSQs8mzXbMXRmr8UdXubjV/view?usp=drivesdk,https://drive-thirdparty.googleusercontent.com/16/type/image/gif,https://lh3.googleusercontent.com/drive-storage/AJQWtBM0jFJrNSwxyQRA5EPCfxjemnWKmuzKmJWigwJaqFglLqK4aJlmpU6LLsM_7JoYhCj_sjvO_Hd75RbIWJKWDahJvWsGS1LbDQsGQAWHCCuFXQ=s220,75 Coup de fouet MG en haut.gif,gif
76,1KQ7JL1Of35PB9Ma4ptG8Fl-ZUEPjKvaI,76 Coup de fouet MG en bas.gif,image/gif,https://drive.google.com/file/d/1KQ7JL1Of35PB9Ma4ptG8Fl-ZUEPjKvaI/view?usp=drivesdk,https://drive-thirdparty.googleusercontent.com/16/type/image/gif,https://lh3.googleusercontent.com/drive-storage/AJQWtBPimGTHf7b6Uz7OtKHrmVMb_ydFB98OWdKWJLoyORyCW2DAi6D1AlLHtkTEUjhhcwPG3rPkeQ4A8p-sbHJzhY16Tebeqwpvh5BI2KCwIW8GMiQ=s220,76 Coup de fouet MG en bas.gif,gif
77,1g2nKKnlW52Een6cNo3RFvAtGnXCryCW_,77 Tour extérieur tenu.gif,image/gif,https://drive.google.com/file/d/1g2nKKnlW52Een6cNo3RFvAtGnXCryCW_/view?usp=drivesdk,https://drive-thirdparty.googleusercontent.com/16/type/image/gif,https://lh3.googleusercontent.com/drive-storage/AJQWtBOh0tWw-wFRCi4teAzzyGOOCQ7PFZiai9q3G2SLIJ6x6C13EgwGhaxATlZxdkhReZ6hcvJp2yILPw56YmA322hNsJGp7wyV41NRf5swiV7MjZ0=s220,77 Tour extérieur tenu.gif,gif
78,1FmZ4sAWgkw3sUGH5rYIX07VgcDjyvkqD,78 Tour extérieur lâché.gif,image/gif,https://drive.google.com/file/d/1FmZ4sAWgkw3sUGH5rYIX07VgcDjyvkqD/view?usp=drivesdk,https://drive-thirdparty.googleusercontent.com/16/type/image/gif,https://lh3.googleusercontent.com/drive-storage/AJQWtBOezGf8UywIXUVFoYzm3Cj47U0dwO4BgEnihZhbrLlk0_tHw7avTtDRMKFzqzHojnaOeK0U96TS9GavHeGGZrdBnTknAO5W5HEBv_8JkL8TXLw=s220,78 Tour extérieur lâché.gif,gif
79,1CiUyLxdu6dqlHFK-281X1kX9MD-ltxW5,79 Traversée à gauche tour intérieur.gif,image/gif,https://drive.google.com/file/d/1CiUyLxdu6dqlHFK-281X1kX9MD-ltxW5/view?usp=drivesdk,https://drive-thirdparty.googleusercontent.com/16/type/image/gif,https://lh3.googleusercontent.com/drive-storage/AJQWtBMU302pY3Tsl2JzuCZpZUQsYpcsAOT4Kvm_bE2ChhzjU6nlaTV8y4GikpGYs10j8QAfxnHB48limJ03b6p0O8EdtFMahTInXKjK_UoWnOyrycM=s220,79 Traversée à gauche tour intérieur.gif,gif
80,1C19f2uyfdTV1lH7nHB2WBwcFhm9ZyUrg,80 Traversée à gauche tour extérieur.gif,image/gif,https://drive.google.com/file/d/1C19f2uyfdTV1lH7nHB2WBwcFhm9ZyUrg/view?usp=drivesdk,https://drive-thirdparty.googleusercontent.com/16/type/image/gif,https://lh3.googleusercontent.com/drive-storage/AJQWtBMXZ4FqBWHrCfsai8JtY74jDkXt30uDlbUM3Hdl0grFCjHohs_hjWAdvbDXBCU5tylKKE93VnzrI8svJLmM9rXlpPBPDe8rmrUn7x6z4Dz86JM=s220,80 Traversée à gauche tour extérieur.gif,gif
81,10CMXWP6EEJFGG1LcwFJswRb8o2gpotv7,81 Traversée à gauche 2 tours extérieurs.gif,image/gif,https://drive.google.com/file/d/10CMXWP6EEJFGG1LcwFJswRb8o2gpotv7/view?usp=drivesdk,https://drive-thirdparty.googleusercontent.com/16/type/image/gif,https://lh3.googleusercontent.com/drive-storage/AJQWtBO_0gb7N5Tunu8_kXT2lzUEXBXptU86crgxWCnuYqywpFakDqdEZCZ9RdyAmbvL4COAkW87oNb2el4Mm-Ka_upRJvM-WxMQi842fhnvbKha1A=s220,81 Traversée à gauche 2 tours extérieurs.gif,gif
82,1axd9nNMhjctBiv_VgWomL35EkvXIumMp,82 Dos à dos mains parallèles.gif,image/gif,https://drive.google.com/file/d/1axd9nNMhjctBiv_VgWomL35EkvXIumMp/view?usp=drivesdk,https://drive-thirdparty.googleusercontent.com/16/type/image/gif,https://lh3.googleusercontent.com/drive-storage/AJQWtBOh0V20HSo8eb3YeMJFIayDYC36w4liMUdBQrsmB9D3bKlUuDg-0n7ok-PEktU8wMf0tKDn_Fjcrv9eQKl0Coci9RsdxWRgMZ90xlO_81U8tDI=s220,82 Dos à dos mains parallèles.gif,gif
83,1zxShZRhd4pBry8GVHJ8g2rYHajNQcRdS,83 Dos à dos MG MD.gif,image/gif,https://drive.google.com/file/d/1zxShZRhd4pBry8GVHJ8g2rYHajNQcRdS/view?usp=drivesdk,https://drive-thirdparty.googleusercontent.com/16/type/image/gif,https://lh3.googleusercontent.com/drive-storage/AJQWtBNnBB5adsfEJJesox84p8TknVHY5JF3b5Xpz-fGlgJhfnBYxidVdOtYYSXxQLMi55-eXkppxatTUCcxToLOZvnfDKWfGpad65d2IVYM1YAWuA=s220,83 Dos à dos MG MD.gif,gif
84,1tE7eG4wlK_DYV9GNIJGE8cLuZ-fM-AC0,84 Dos à dos MD MD.gif,image/gif,https://drive.google.com/file/d/1tE7eG4wlK_DYV9GNIJGE8cLuZ-fM-AC0/view?usp=drivesdk,https://drive-thirdparty.googleusercontent.com/16/type/image/gif,https://lh3.googleusercontent.com/drive-storage/AJQWtBO4_DhMDmoC42EGWd_a4ksUuMMglQKQEj-9q1gE7AL5z6TLBAHWY8QCZUo01P-3EQTYYOsxmgK-kAVp25o9nmzqaygHVWSY08SsITlvSyrwn-M=s220,84 Dos à dos MD MD.gif,gif
87,1LwTJDnDDiPOQDUhuf97HmyRx22P3AtU6,87 Dos à dos MD MD 2 tours chgt main.gif,image/gif,https://drive.google.com/file/d/1LwTJDnDDiPOQDUhuf97HmyRx22P3AtU6/view?usp=drivesdk,https://drive-thirdparty.googleusercontent.com/16/type/image/gif,https://lh3.googleusercontent.com/drive-storage/AJQWtBOUgdIrB2kG_uS5OO31LzeO11oU1UMPsy-567_6lf5bUhKAhRKgJe7rcT09a6JMtRol5ZcZgEWPmp-rkr2rZPA3-tisPLYiqePFB8TSax6VYw=s220,87 Dos à dos MD MD 2 tours chgt main.gif,gif
88,1tt1NfzZ0GK6b-9a-1yKtrC-u9ziLLO5o,88 Tope-là enroulé.gif,image/gif,https://drive.google.com/file/d/1tt1NfzZ0GK6b-9a-1yKtrC-u9ziLLO5o/view?usp=drivesdk,https://drive-thirdparty.googleusercontent.com/16/type/image/gif,https://lh3.googleusercontent.com/drive-storage/AJQWtBMzySGYWHc99MgC-ziMmrwqsUclgnoPDxcgexSnhJDKyY5q2P_crD2e_H5gIgQ7MKuY0UF1ZnizhajKV6Sjexy4NN60OS7H59_PcuPAi6rW7nI=s220,88 Tope-là enroulé.gif,gif
89,1XoEzFn7UUKmh41wZFHPn4n3dR-zYZGBo,89 Tope-là enroulé V2.gif,image/gif,https://drive.google.com/file/d/1XoEzFn7UUKmh41wZFHPn4n3dR-zYZGBo/view?usp=drivesdk,https://drive-thirdparty.googleusercontent.com/16/type/image/gif,https://lh3.googleusercontent.com/drive-storage/AJQWtBOe6j5kZ1FB0VHrYPLxyVtIUMtpaoBBt3iND-SkDG0LPlDyajBtkj6kYBokLp7x8Jw6DXaS9fQTrhyCny2L2M4wT006g4ScXR3FWPkaBYJYSwo=s220,89 Top-là enroulé V2.gif,gif
90,1H1LrPrvDr8-XtB0zFVrXkw1qdj9dDTgd,"90 Tope-là tenu, arrivée espagnole inversée.gif",image/gif,https://drive.google.com/file/d/1H1LrPrvDr8-XtB0zFVrXkw1qdj9dDTgd/view?usp=drivesdk,https://drive-thirdparty.googleusercontent.com/16/type/image/gif,https://lh3.googleusercontent.com/drive-storage/AJQWtBO_J-E3PwWIGY5SSwaDSF_9Qvjra-8XgskNm7TRHYNNIwlMUg0wh87Op7Fqze9ZJgdGHb43A4Td5ko22TV61tOGMBjFVBkBSgAR3bQHLNC_LyU=s220,"90 Tope-là tenu, arrivée espagnole inversée.gif",gif
91,1MqVsC0XkHpE8POaob5y68qiv5XtZu09S,91 Tope-là assis.gif,image/gif,https://drive.google.com/file/d/1MqVsC0XkHpE8POaob5y68qiv5XtZu09S/view?usp=drivesdk,https://drive-thirdparty.googleusercontent.com/16/type/image/gif,https://lh3.googleusercontent.com/drive-storage/AJQWtBMC2dsqbSkx21bWElwY6o6gG2k0Bi21s1JMUyEIGXtEDaQ5JTG17kBUqprX-taSSN5LgX3x3eTQYiG97hyvxxtLMTaAYEuF7KwlId2mtBKnYQ=s220,91 Tope-là assis.gif,gif
92,1vPyes0UCipBHony49HV3xwXBkgYJIslV,92 Mains coudes.gif,image/gif,https://drive.google.com/file/d/1vPyes0UCipBHony49HV3xwXBkgYJIslV/view?usp=drivesdk,https://drive-thirdparty.googleusercontent.com/16/type/image/gif,https://lh3.googleusercontent.com/drive-storage/AJQWtBPDUTAiPo48QMnrPL6ugHQ9InpcjFzR-BzTdbkB5Vho5WC53j6CXP7svbaHN1lwh9W72F6ENpg-0GpudrTxhmIcKnFDiQVGvI1MqCfY_GChkn4=s220,92 Mains coudes.gif,gif
93,1jqcTMNtbunl7jh3_kH3f1Dn89VzZ4w3I,93 Mains 2 coudes.gif,image/gif,https://drive.google.com/file/d/1jqcTMNtbunl7jh3_kH3f1Dn89VzZ4w3I/view?usp=drivesdk,https://drive-thirdparty.googleusercontent.com/16/type/image/gif,https://lh3.googleusercontent.com/drive-storage/AJQWtBOOPkIU_2RBtmGzWcVyIDbC3hneCqu_z4X2OjBValMwLHECYmr6ZfQ8UgqGheO3f0xdQXxdjzKfbRdJIo85g1XFcmVJNQWzWqjaE70fnNtZzQ=s220,93 Mains 2 coudes.gif,gif
94,1IpVxyRZAGe-BXI1JIp9clEt5E6w9wFkt,94 Guidage à la taille 2 mains.gif,image/gif,https://drive.google.com/file/d/1IpVxyRZAGe-BXI1JIp9clEt5E6w9wFkt/view?usp=drivesdk,https://drive-thirdparty.googleusercontent.com/16/type/image/gif,https://lh3.googleusercontent.com/drive-storage/AJQWtBNgRA00--hrk_na3vg3mEUuwpyFKO6InA1lzLAvvHpu3KkZQvDcYTRtlLKSer21uVIZG_CF20Jbp3nLUs4FKXU3gIHv5Oqx2S9ek9TyJ7fbVgM=s220,94 Guidage à la taille 2 mains.gif,gif
95,16-c1PcZGlwDeTvNSLVqv4PHrn9V7usIB,95 Guidage aux coudes.gif,image/gif,https://drive.google.com/file/d/16-c1PcZGlwDeTvNSLVqv4PHrn9V7usIB/view?usp=drivesdk,https://drive-thirdparty.googleusercontent.com/16/type/image/gif,https://lh3.googleusercontent.com/drive-storage/AJQWtBNyDOYzMbLuKEG_K3BEsnukU6iE9CTCAdp-X0_ueeLRnDjlyaTnyMjVFoYhqyvFpLtqdclffw1peaiPnAa8e4DOROzEvVNdiNDpqRDH4_B_ocg=s220,95 Guidage aux coudes.gif,gif
96,1RnhnHy0GGCi8wxpuGWCw8mcyIpsl5Mbg,96 Guidage à la taille MD.gif,image/gif,https://drive.google.com/file/d/1RnhnHy0GGCi8wxpuGWCw8mcyIpsl5Mbg/view?usp=drivesdk,https://drive-thirdparty.googleusercontent.com/16/type/image/gif,https://lh3.googleusercontent.com/drive-storage/AJQWtBM1hjHWRxw5Lh3UKBzHVrTen7xPfvynPaMOCMo3kGd9tL_p6dAajltHoaSj4zY_gOHQaJN6L8WhEYjCU-8FYnmm-21Q5-bzClngKuGr1I6HaHE=s220,96 Guidage à la taille MD.gif,gif
97,18fFt-d82d5wa0sSjjY-K71GLTZCmIzuC,97 Guidage à la taille MG.gif,image/gif,https://drive.google.com/file/d/18fFt-d82d5wa0sSjjY-K71GLTZCmIzuC/view?usp=drivesdk,https://drive-thirdparty.googleusercontent.com/16/type/image/gif,https://lh3.googleusercontent.com/drive-storage/AJQWtBOb23_yyUlIbImRFLhPZN9v-1531Iy4g2p9z_wx9cyoX9x-o-90zwLHuIv563QbxZktTXgl362yb03Dccw32ojYRw8CHnXg2LbeQY_h5Gg9MEk=s220,97 Guidage à la taille MG.gif,gif
99,1D-CdoxTcNcoPXQwcYyhCblZnHz1_vDFQ,99 Panier inversé.gif,image/gif,https://drive.google.com/file/d/1D-CdoxTcNcoPXQwcYyhCblZnHz1_vDFQ/view?usp=drivesdk,https://drive-thirdparty.googleusercontent.com/16/type/image/gif,https://lh3.googleusercontent.com/drive-storage/AJQWtBOMuVzwbeexLcm6j7NqYTu55KZC0u69Fhprvi76NYUsIZRIrVCNcNtFw3Z20RZWWO9wdeevfG3JEC6qhA9jtG7rPEiie7vVNhos0Aijmfb8QsA=s220,99 Panier inversé.gif,gif
100,1W0qAnn9ImQk5tn49tZn1XlYykBAXqBPB,100 Berceau inversé.gif,image/gif,https://drive.google.com/file/d/1W0qAnn9ImQk5tn49tZn1XlYykBAXqBPB/view?usp=drivesdk,https://drive-thirdparty.googleusercontent.com/16/type/image/gif,https://lh3.googleusercontent.com/drive-storage/AJQWtBOVqBV7uYVmBCF-kePiQnHdF_mwSaWl-tsMWPkZAlUodph3jYrLKHGIO4DVrpSzcXnb8m4yoc_pABsmGxcca0i24Kioes3qqpme8TOfWnbpm6s=s220,100 Berceau inversé.gif,gif
101,1ROcFTSeGOaLZzVE5WACLLBeG3CZvnSKU,101 Corbeille inversée.gif,image/gif,https://drive.google.com/file/d/1ROcFTSeGOaLZzVE5WACLLBeG3CZvnSKU/view?usp=drivesdk,https://drive-thirdparty.googleusercontent.com/16/type/image/gif,https://lh3.googleusercontent.com/drive-storage/AJQWtBMsn34hPznGbjKn8yJy8edfw7uHsM3mH3CDKjPIfAnSjO1dKvVT3c1NGKyI0goneFXqMv8-KHpp6vammsLnCunUw6RRvYJ2c_1JGrw12zh3jQ8=s220,101 Corbeille inversée.gif,gif
102,1CFGQWyIjon1MNLxvPMyqQaeiwmvbXAh4,102 Tire-bouchon.gif,image/gif,https://drive.google.com/file/d/1CFGQWyIjon1MNLxvPMyqQaeiwmvbXAh4/view?usp=drivesdk,https://drive-thirdparty.googleusercontent.com/16/type/image/gif,https://lh3.googleusercontent.com/drive-storage/AJQWtBP9BRR2jwKleWJLTq_Vi23GcvI57IwjXfklbWYPloNDQ7fRdaWIdFPktBBoIVcxR9XuB1bl0HIKcvAl6hMiUVK98WMb63KrIeKtDagggrgtGg=s220,102 Tire-bouchon.gif,gif
103,1LWs5EFGj37uO24LrP3_YbFjyBh6sJr63,103 Genuflexion.gif,image/gif,https://drive.google.com/file/d/1LWs5EFGj37uO24LrP3_YbFjyBh6sJr63/view?usp=drivesdk,https://drive-thirdparty.googleusercontent.com/16/type/image/gif,https://lh3.googleusercontent.com/drive-storage/AJQWtBMvo5Pqb5sDRoad_aWJsdZA-5nuMv3lAzCq5e5JMJhg3AvW8k2Y_RhrjlAzdDx4g8AivDqF1W-67jN2AXjCiCAOpc2d1-8tjp6fGA3yUNw23Ls=s220,103 Genuflexion.gif,gif
104,13sXNuuQ--0xVhV9mPf_bDnpn3y8WB4C0,104 Genuflexion retour.gif,image/gif,https://drive.google.com/file/d/13sXNuuQ--0xVhV9mPf_bDnpn3y8WB4C0/view?usp=drivesdk,https://drive-thirdparty.googleusercontent.com/16/type/image/gif,https://lh3.googleusercontent.com/drive-storage/AJQWtBPhOX-1Ed_xF6u13em9kcoIW2s1JiFwsj-5jhhWsSYgQANWTMy02odP9d4SCWci3QAq2IcjSFD_jtsm5Q2iYoxEPtEYYdsN_Q4czvFshtJA2A=s220,104 Genuflexion retour.gif,gif
105,1PfJKEdQy-rN-aRhlv7tedr6vcqI6q6Y7,105 Glissé nuque MG MD.gif,image/gif,https://drive.google.com/file/d/1PfJKEdQy-rN-aRhlv7tedr6vcqI6q6Y7/view?usp=drivesdk,https://drive-thirdparty.googleusercontent.com/16/type/image/gif,https://lh3.googleusercontent.com/drive-storage/AJQWtBM01btzszIN-99AAsSvv8JuNSDzZ3CvSQLZhCQOEyPJ-6NBK9Y7PL1JJqaknOsEGfJ9NKSm5gp6tyQ9tyncy5xYGcX73eiZp9YIKmsdaTMNCl8=s220,105 Glissé nuque MG MD.gif,gif
106,1q_aIcr8QZ-jBrKMR4U-30xIpCYrZ0GDC,106 Glissé nuque MD MG.gif,image/gif,https://drive.google.com/file/d/1q_aIcr8QZ-jBrKMR4U-30xIpCYrZ0GDC/view?usp=drivesdk,https://drive-thirdparty.googleusercontent.com/16/type/image/gif,https://lh3.googleusercontent.com/drive-storage/AJQWtBOHw1Z8XG56_y1BcFWvhNSRrz6-6SW_46TMOWW9Dp6UYEQPgIdCbWiAEIwvtwbTTgsZ-p2BhHE-yU_ioQijaZOZHOOHXzWFYhEXQyBbeM6Ush8=s220,106 Glissé nuque MD MG.gif,gif
107,1eJydFlVKJo2kdU7qvZzhduSsOUE_SQF6,107 Chgt main 4 tours extérieurs.gif,image/gif,https://drive.google.com/file/d/1eJydFlVKJo2kdU7qvZzhduSsOUE_SQF6/view?usp=drivesdk,https://drive-thirdparty.googleusercontent.com/16/type/image/gif,https://lh3.googleusercontent.com/drive-storage/AJQWtBO5R5PI6SKqk7xKvzFLhtGMAXr0Bvip2MZikpe7D9KFYdP4ndzZ7sB7aD1PxMLqhaJAlPnS7-MYVb7nm8b66UAp_FQ5OjqRtsACsmNqxJ6zLQ=s220,107 Chgt main 4 tours extérieurs.gif,gif
108,1UMZtc2CG_eALGnrwRVuwo8FVBJfUROXa,108 Chgt main dans le dos infini.gif,image/gif,https://drive.google.com/file/d/1UMZtc2CG_eALGnrwRVuwo8FVBJfUROXa/view?usp=drivesdk,https://drive-thirdparty.googleusercontent.com/16/type/image/gif,https://lh3.googleusercontent.com/drive-storage/AJQWtBOY2ctRFC35dY3JgypZPHKPPiggJYeYwlP50Oe_jK80S8O44OvxV7i3Fn2N78LSL46hPafo4CHfycn6t1OtwdGEhOHYCZ7dP1nYdEUGaLi4yWk=s220,108 Chgt main dans le dos infini.gif,gif
109,1xFVjB4bH5Csh1tVTXXeIeZ27FjHIckGU,109 Tour libre dans le dos MD MG =_ MG MD.gif,image/gif,https://drive.google.com/file/d/1xFVjB4bH5Csh1tVTXXeIeZ27FjHIckGU/view?usp=drivesdk,https://drive-thirdparty.googleusercontent.com/16/type/image/gif,https://lh3.googleusercontent.com/drive-storage/AJQWtBPzy9X87nH7ZnucoX5mrBn-UJHt3FFjeLy4Ljnwz9B4IsDoMApnDLVJHCsUZ6Ht6MxjNgsYPF4mifkw0GR5a-FQbh-jQlDvrMYQMQY3s_xvuQ=s220,109 Tour libre dans le dos MD MG =_ MG MD.gif,gif
110,1r_kF5dvNUYHn45JOkEhiFPyqWdsr7_u-,110 Enroulés infinis V2.gif,image/gif,https://drive.google.com/file/d/1r_kF5dvNUYHn45JOkEhiFPyqWdsr7_u-/view?usp=drivesdk,https://drive-thirdparty.googleusercontent.com/16/type/image/gif,https://lh3.googleusercontent.com/drive-storage/AJQWtBPQZv1eEdEDwvjJFQTJLc3fU73YITP_g6uz7CQI-6lnezkUjwjq-ZtaiwECCBoKkF7YHeHklbxsmR2d3-lS5JxRkDY9U9EOqqtACZ4rpFV7sSQ=s220,110 Enroulés infinis V2.gif,gif
111,13OtsAWG1H9mnBuyC8sgn3FqsrzRx5Rbq,111 Enroulés infinis V3.gif,image/gif,https://drive.google.com/file/d/13OtsAWG1H9mnBuyC8sgn3FqsrzRx5Rbq/view?usp=drivesdk,https://drive-thirdparty.googleusercontent.com/16/type/image/gif,https://lh3.googleusercontent.com/drive-storage/AJQWtBP3tdDCGHeoLaG53F6JXOio89nRTPoKyt27fyMBU4fSNOICnW7bVVh6mYvKAGkSjA6nWckf2lMwMtQrmod4R9QtBdLDjjqlrxBvsxpyPKeDmQ=s220,111 Enroulés infinis V3.gif,gif
112,1rRCqFmG0hhdRUGwU45oaD32_TZbSKDRj,112 Preux chevalier (théière).gif,image/gif,https://drive.google.com/file/d/1rRCqFmG0hhdRUGwU45oaD32_TZbSKDRj/view?usp=drivesdk,https://drive-thirdparty.googleusercontent.com/16/type/image/gif,https://lh3.googleusercontent.com/drive-storage/AJQWtBONLbOkmqN8ohIP305Bgt24PS50bGhZePxx7iZTgotCQ-WPVCs16TcCpt9r5Vt20IHRCa6GCGPt9QV8Ck__SipHjvECgMv6Oecewdw-RgFnY6s=s220,112 Preux chevalier (théière).gif,gif
113,114J98WjCusUB0BvtHXFIU3hcDP9rI3ji,113 Tapes successives en face.gif,image/gif,https://drive.google.com/file/d/114J98WjCusUB0BvtHXFIU3hcDP9rI3ji/view?usp=drivesdk,https://drive-thirdparty.googleusercontent.com/16/type/image/gif,https://lh3.googleusercontent.com/drive-storage/AJQWtBP2cmsJhjIHbMcFAbQTC4umzY3jtP4rDyzKa_D8JXJlXYyThROmqmMs1gMQZCfWvtAI3xr60WDaLCugF-MWUG7hU2JLa3NIBT4R7wlRyAN6Xw=s220,113 Tapes successives en face.gif,gif
114,1lFGUuyNV9FBRYtK5qQ4WuWKwd981dSkO,114 Tombé à droite bras droit.gif,image/gif,https://drive.google.com/file/d/1lFGUuyNV9FBRYtK5qQ4WuWKwd981dSkO/view?usp=drivesdk,https://drive-thirdparty.googleusercontent.com/16/type/image/gif,https://lh3.googleusercontent.com/drive-storage/AJQWtBO7V2Tr7ECpAXAvKGTICiWVdV-mur7MJ3h3cGSVrQOhR83lcBEOxH91yp8bRLXqbK7zNSLhpkWl4Q7B1rGg1DynH4-YI4uknwBb-2CUCeOU_Jk=s220,114 Tombé à droite bras droit.gif,gif
115,1cWX-Y1ttY6cAJndsPJWpZ6KCMKAMrRSA,115 Tombé à droite bras gauche.gif,image/gif,https://drive.google.com/file/d/1cWX-Y1ttY6cAJndsPJWpZ6KCMKAMrRSA/view?usp=drivesdk,https://drive-thirdparty.googleusercontent.com/16/type/image/gif,https://lh3.googleusercontent.com/drive-storage/AJQWtBOGvy6LMWDIadMxhi1zMAOrV8LBoFEXcwV8pPR4h_REjLUo45dxLOSxFHA-OB9_1sfwELUApRPnE7eTWeTHfWD5AtX6yyRGq_s7DEPekHh-DA=s220,115 Tombé à droite bras gauche.gif,gif
116,1HhNkJrXUSjSOkw1RS-eHzSnM7CerSJzi,116 Tombé à gauche bras droit.gif,image/gif,https://drive.google.com/file/d/1HhNkJrXUSjSOkw1RS-eHzSnM7CerSJzi/view?usp=drivesdk,https://drive-thirdparty.googleusercontent.com/16/type/image/gif,https://lh3.googleusercontent.com/drive-storage/AJQWtBOxR-V__rKkT0mJPbYxpw3PZfhhrEYkXV-RazqQcT-dwFppHyp4iOwj3U81cc0QrAX_CZCQ9wHpwuW9fjIYsN6LZ3bDJRQLcAaSjIsZ86Fip-4=s220,116 Tombé à gauche bras droit.gif,gif
117,1PydbZzAlFKHJ0GKMC868uQxGzocv41yJ,117 Tombé à gauche bras gauche.gif,image/gif,https://drive.google.com/file/d/1PydbZzAlFKHJ0GKMC868uQxGzocv41yJ/view?usp=drivesdk,https://drive-thirdparty.googleusercontent.com/16/type/image/gif,https://lh3.googleusercontent.com/drive-storage/AJQWtBNKm5sDM2obhN6OEW-NvDSyFr50BJRR-5YMsFb8Uztm-MVcyk-B8sedAMQ6SBmI0FSvv9REXruNji52KDtQu9lg8BxWsZLQv7lDf0zeLXnz0Go=s220,117 Tombé à gauche bras gauche.gif,gif
118,1Kht0B9bWpeZ56uvhxSzMLITsrAnTqRZ0,118 Tombé berceau ligne fille.gif,image/gif,https://drive.google.com/file/d/1Kht0B9bWpeZ56uvhxSzMLITsrAnTqRZ0/view?usp=drivesdk,https://drive-thirdparty.googleusercontent.com/16/type/image/gif,https://lh3.googleusercontent.com/drive-storage/AJQWtBNICdfOMQ50f00vx9lZDbBP5S4NFSp5T9ZlBTaWqASkXJ3ubvi6CuyGLNKvXDAl_Fl2KSeND1qJxxOxpd5Gt1n7fY_d0OkcrJDSehJwGXBTy9Q=s220,118 Tombé berceau ligne fille.gif,gif
119,1Tx4d8O7gKBbhQsoVPZy5LFy_RwZMkBYR,119 Tombé berceau ligne garçon.gif,image/gif,https://drive.google.com/file/d/1Tx4d8O7gKBbhQsoVPZy5LFy_RwZMkBYR/view?usp=drivesdk,https://drive-thirdparty.googleusercontent.com/16/type/image/gif,https://lh3.googleusercontent.com/drive-storage/AJQWtBO29T-3ni_6QRjPot7fuq19JZWjtcN2JQwpnMehhzM5wB7YR0gKbgaEni20OTH7SfrOV8OgVxXYpoh5obG5I6toMbftweBp8ZF06DwtUp3GTME=s220,119 Tombé berceau ligne garçon.gif,gif
120,1-cdpr9cyB2BXoDt32XFVpImDIT8_gDur,120 Tombé sous les bras.gif,image/gif,https://drive.google.com/file/d/1-cdpr9cyB2BXoDt32XFVpImDIT8_gDur/view?usp=drivesdk,https://drive-thirdparty.googleusercontent.com/16/type/image/gif,https://lh3.googleusercontent.com/drive-storage/AJQWtBNJeeZ9oe82UPxOzVNL1aue5roPu7Yuepm2LQo1MfPt9b1DOgX3BVAr6G2eh0-cR3eqnzDCaCiXO6Hcada0s5_zGkAz1wjOrwBlpy1uPjpTVBY=s220,120 Tombé sous les bras.gif,gif
121,1vUynxH9FtyDEGv1siAq0sVCHEdq1G33w,121 Tombé par-dessus la tête.gif,image/gif,https://drive.google.com/file/d/1vUynxH9FtyDEGv1siAq0sVCHEdq1G33w/view?usp=drivesdk,https://drive-thirdparty.googleusercontent.com/16/type/image/gif,https://lh3.googleusercontent.com/drive-storage/AJQWtBM_G03VvIy4M2iW7FLT-2WaEKcQHv6qUySnEF5SS90Qy1f4tksI49vNr8vGOJbrztezQrGkS8OWYfkWjQR0HyTLgdcmWn_eqmOQqNm9ih9bT28=s220,121 Tombé par-dessus la tête.gif,gif
122,1N6cX4vhkumIQlTPqfq_iajWPDyM6nAgn,122 Tombé sortie épaule épaule.gif,image/gif,https://drive.google.com/file/d/1N6cX4vhkumIQlTPqfq_iajWPDyM6nAgn/view?usp=drivesdk,https://drive-thirdparty.googleusercontent.com/16/type/image/gif,https://lh3.googleusercontent.com/drive-storage/AJQWtBNfdXTbi4HE4BhcU2s3oZgtBHn-_W_2Kt2tPHZ2PWwftvjTdXksI2dQdhWasr5eXVBNajuNBPEVUgmpP1G7Oa1ct2B_sXzo8TKFCGBYztfzyAo=s220,122 Tombé sortie épaule épaule.gif,gif
123,1eDAyx1UnLKcPg0qwM0cEDd0pUQgkEE2C,"123 Tombé bras dessus, bras dessous.gif",image/gif,https://drive.google.com/file/d/1eDAyx1UnLKcPg0qwM0cEDd0pUQgkEE2C/view?usp=drivesdk,https://drive-thirdparty.googleusercontent.com/16/type/image/gif,https://lh3.googleusercontent.com/drive-storage/AJQWtBPOCzb76SHbAEVeTk9tlRKj7WOcG3cULd7_iZDVW7wI1Oyz5hxtgznklknKHS5k2nUunG9C0p1TaFZDQi19LjMAUjr6ZG1n9Y236SEIHP3SjVY=s220,"123 Tombé bras dessus, bras dessous.gif",gif
124,1hN4LW2ge39w1u30QT8UU1jIKGoCtUszY,124 Sortie de terre.gif,image/gif,https://drive.google.com/file/d/1hN4LW2ge39w1u30QT8UU1jIKGoCtUszY/view?usp=drivesdk,https://drive-thirdparty.googleusercontent.com/16/type/image/gif,https://lh3.googleusercontent.com/drive-storage/AJQWtBOc8BvWZP9kY0vQUTXdVSyh6A-cdO_ryUB5_2wCDprlkK3Bw_p6CiWq8KDzCKdUK3b1rABIEaiSXFraPo61S3zL0xN2dRJJd2c0DLf9lbqy9w=s220,124 Sortie de terre.gif,gif
125,1qB52h8wcXqKjM1eWBzrNxkq34WiHCK0I,125 Chandelle.gif,image/gif,https://drive.google.com/file/d/1qB52h8wcXqKjM1eWBzrNxkq34WiHCK0I/view?usp=drivesdk,https://drive-thirdparty.googleusercontent.com/16/type/image/gif,https://lh3.googleusercontent.com/drive-storage/AJQWtBN-sCwRm2cb8NizYCi7FhWUUCFzqszUQ5qFigYEn3VL1SZ7wJsIlCtwRYnyzrVVp0LHSAwPF1xb0qZ_O61DJkfaKHykeO0rDOyT0ls06hwCsVE=s220,125 Chandelle.gif,gif
126,15EpYb2qIqOoSY8y89tAqNF5q-zC24q4O,126 Porté tibia en avant.gif,image/gif,https://drive.google.com/file/d/15EpYb2qIqOoSY8y89tAqNF5q-zC24q4O/view?usp=drivesdk,https://drive-thirdparty.googleusercontent.com/16/type/image/gif,https://lh3.googleusercontent.com/drive-storage/AJQWtBN5SegcH34Hs6yM0_5IGfydmUK556jxjKiNx-LLt4PJryrqVWzJPAAFVvi7_MIgVelnW0NFwwM7S3IxNraUxwutubiqnw72izNMB0xwkZZU5nI=s220,126 Porté tibia en avant.gif,gif
127,1_FP99-60s1eEel7fQOiDB_Txgk7jdaA_,127 Porté mariée.gif,image/gif,https://drive.google.com/file/d/1_FP99-60s1eEel7fQOiDB_Txgk7jdaA_/view?usp=drivesdk,https://drive-thirdparty.googleusercontent.com/16/type/image/gif,https://lh3.googleusercontent.com/drive-storage/AJQWtBN0CNP4sLTrGJTm5vr-GpvlDW8NbFaTQn5PA-l0J74RpzUa6Vw7pkkog9mM6hcfG_-95TAkUFt-xbjeMvYTDd7L2C_OFnTcsu_RTrWsLJ67eTQ=s220,127 Porté mariée.gif,gif
128,143Dvv4go8HfKAFpUIkYg6g56ZBZ4IIB2,128 Balançoire.gif,image/gif,https://drive.google.com/file/d/143Dvv4go8HfKAFpUIkYg6g56ZBZ4IIB2/view?usp=drivesdk,https://drive-thirdparty.googleusercontent.com/16/type/image/gif,https://lh3.googleusercontent.com/drive-storage/AJQWtBPBEiE6vKJE7cn3rn1Hl-bXNn5RfiUFq8CMA9pASgjxhpEcNrilhToWJANlXWtbMo4EJfbfMzswUNXahNeaZ2yHCABQIppEhRvjMwZC6LeoQzM=s220,128 Balançoire.gif,gif
129,1ctnXSZ61pl8omQfsJOWiEG6HKklros8J,129 Double espagnole V1.gif,image/gif,https://drive.google.com/file/d/1ctnXSZ61pl8omQfsJOWiEG6HKklros8J/view?usp=drivesdk,https://drive-thirdparty.googleusercontent.com/16/type/image/gif,https://lh3.googleusercontent.com/drive-storage/AJQWtBN4wjDxHZH_siUgR0XWlHtzUAwtlwKFsIXHSgGF9JsaRQCs-YOgs7vxIOUIZBaa22367Z6hI0mAern-EkaTsVcohH3X47DXi852ycRmzJ18mw=s220,129 Double espagnole V1.gif,gif
130,1wxeFPbHfulkcFY6meynM0D-Jr0SCVm7O,130 Double espagnole V2.gif,image/gif,https://drive.google.com/file/d/1wxeFPbHfulkcFY6meynM0D-Jr0SCVm7O/view?usp=drivesdk,https://drive-thirdparty.googleusercontent.com/16/type/image/gif,https://lh3.googleusercontent.com/drive-storage/AJQWtBN6M8007Dh5w2ZbYb9WZD56hU6eBB1FTXY2412OxQFYIzEKgXaQEYNjhEBrcJCuhC4i54tuudkwXRVNOq6uyjo1dwBEhGWDKbYIDxOfoMwr0Sg=s220,130 Double espagnole V2.gif,gif
131,1Le3-KBJb4-6xG1d_jgGfvMuGZpKCb0uo,131 Femme enceinte.gif,image/gif,https://drive.google.com/file/d/1Le3-KBJb4-6xG1d_jgGfvMuGZpKCb0uo/view?usp=drivesdk,https://drive-thirdparty.googleusercontent.com/16/type/image/gif,https://lh3.googleusercontent.com/drive-storage/AJQWtBNfAtx-dHbOlMTpx6yFAB0_GJK0MMUaXnsJHJLFW-1Mubs7zk9LA9wpOnjgPmt6kae9jmxkj8MoUD4KWGQK6Nj_TP8YIVdZTeyx5ZPWzRvmW3s=s220,131 Femme enceinte.gif,gif
132,1SEaR1aYCIXvfqZsOx7WT7lexuWjqA2Tj,132 Tombé espagnole.gif,image/gif,https://drive.google.com/file/d/1SEaR1aYCIXvfqZsOx7WT7lexuWjqA2Tj/view?usp=drivesdk,https://drive-thirdparty.googleusercontent.com/16/type/image/gif,https://lh3.googleusercontent.com/drive-storage/AJQWtBOmFeH1eZAgQB77J_kBUIPCL9Y53FT80BGQFKEetDqtjw-idaJU3_CoeB2vhqNefvh-fSI9-mjn5GkhMzTR0o5vUbkHALikoM-5rMMp2KH-Xf4=s220,132 Tombé espagnole.gif,gif
133,1I_3wakDekUiY01VGXka5RGg8DHlbp0cV,133 Tombé sur la hanche.gif,image/gif,https://drive.google.com/file/d/1I_3wakDekUiY01VGXka5RGg8DHlbp0cV/view?usp=drivesdk,https://drive-thirdparty.googleusercontent.com/16/type/image/gif,https://lh3.googleusercontent.com/drive-storage/AJQWtBN62WM014Z2C5UVCVgMwsNyr6Hr26g4sCb9e_tLD2E7IKF1xSLqtrARZy6XktaSXOOIiOJsi_Ftdzijs-CpS21bt71hdS02BSWixeVSzaoSP3o=s220,133 Tombé sur la hanche.gif,gif
134,1XpKbkWBcTD-DIjILtNcvPFjfqGy3wcHG,134 Balade Tango.gif,image/gif,https://drive.google.com/file/d/1XpKbkWBcTD-DIjILtNcvPFjfqGy3wcHG/view?usp=drivesdk,https://drive-thirdparty.googleusercontent.com/16/type/image/gif,https://lh3.googleusercontent.com/drive-storage/AJQWtBMCNwDKgvtxMHcUl3wLwgGFL2cuXQ5HE-pebY2aIuYTXGYx4zYEFlOaQN7BP-0QkHmVqmPZYYjyrNZyMPBXKPgjV_v0-rpGju_5XTuv0AKRbHg=s220,134 Balade Tango.gif,gif
135,1LyBNJDBtRKfGvgt7fwFJcLvwxldcwnbl,135 Balade lapin.gif,image/gif,https://drive.google.com/file/d/1LyBNJDBtRKfGvgt7fwFJcLvwxldcwnbl/view?usp=drivesdk,https://drive-thirdparty.googleusercontent.com/16/type/image/gif,https://lh3.googleusercontent.com/drive-storage/AJQWtBO-qOqX0JTtVvBDGcLSUA3pwFOpBeMrho8jjd6LtYjpnhWasiL9gnDxZq7El3pijBM7YE5ZSsyJy7IEHcyA8fOteSyNZ_aaIvIzWXzOb0PzDw=s220,135 Balade lapin.gif,gif
137,1i4B06RHhbFpY6XPYGvIIPX_gABZUFAIf,137 Tombé mains parallèles.gif,image/gif,https://drive.google.com/file/d/1i4B06RHhbFpY6XPYGvIIPX_gABZUFAIf/view?usp=drivesdk,https://drive-thirdparty.googleusercontent.com/16/type/image/gif,https://lh3.googleusercontent.com/drive-storage/AJQWtBPLc8wCTjkmDlIYo8dGWUW7F6Pde8iwwK8QbHEZ4gh5zpYbY5ccR23ioUx-8GwDMJ04stqa1IiTOM0b01DnbRS1A75NeGCIBNHygxmC6YeyOA=s220,137 Tombé mains parallèles.gif,gif
138,1DY1dBpMAdfwD9bXFE3tl_c7RQE9UKMQ2,138 Tombé mains croisées.gif,image/gif,https://drive.google.com/file/d/1DY1dBpMAdfwD9bXFE3tl_c7RQE9UKMQ2/view?usp=drivesdk,https://drive-thirdparty.googleusercontent.com/16/type/image/gif,https://lh3.googleusercontent.com/drive-storage/AJQWtBPIorzj7VCOJhxUpFycbmti677-XNsq-kdZ5ngr7P8GL78Y2KCq0QfdX5arvs7m0s6B03HMtJqZdpONsongrVPqnAfvJLm8eL2uzMjqpIohxmw=s220,138 Tombé mains croisées.gif,gif
139,16LUVveHaxVVKONQqzHDqfu87FcuzLnhH,139 Whip simple.gif,image/gif,https://drive.google.com/file/d/16LUVveHaxVVKONQqzHDqfu87FcuzLnhH/view?usp=drivesdk,https://drive-thirdparty.googleusercontent.com/16/type/image/gif,https://lh3.googleusercontent.com/drive-storage/AJQWtBPVBa38e7YyGcfNqHMX5AxCRaIKJHdMATNWiWhBLREMtYUUL1J-ZBJ_XK2m1RXuF6oiluTA-A3zxSY3xbQFrMgwdBoNHZd8X0ZZQ0UUuYu1AAM=s220,139 Whip simple.gif,gif
140,1iocD_0jZ7MFdNZW7wUI0CGSFGZ5-I3Xb,140 Whip basket.gif,image/gif,https://drive.google.com/file/d/1iocD_0jZ7MFdNZW7wUI0CGSFGZ5-I3Xb/view?usp=drivesdk,https://drive-thirdparty.googleusercontent.com/16/type/image/gif,https://lh3.googleusercontent.com/drive-storage/AJQWtBMqfYOxNrATXE-klQjtaIouCVLHTLL5uXFMAwK0v-zQZ8hSUWgJmlJErotRxwFOjgoRNJrWa0ZsG2musUBeUXEmzSfDnAXEJIXl-aj4jdltKGY=s220,140 Basket whip.gif,gif
142,1VYzYlilF5y3uRCNNYSR5tWmKmHnQiZMI,142 Enroulé puis whip à la taille.gif,image/gif,https://drive.google.com/file/d/1VYzYlilF5y3uRCNNYSR5tWmKmHnQiZMI/view?usp=drivesdk,https://drive-thirdparty.googleusercontent.com/16/type/image/gif,https://lh3.googleusercontent.com/drive-storage/AJQWtBN4XmY5JKUpZKzhJtML3xXHewj6C6Rr8S1sy--7v7ubR4-jX3ReNXp7ZpkdB5botQhwXHwb8BV8JjgmGVPfudeQXws2-XX9G1XNhxwF90CUTHI=s220,142 Enroulé puis whip à la taille.gif,gif
143,1849qCqF9R-rgoplCsFkV3mdEkxyKzB6v,143 Whip épaule.gif,image/gif,https://drive.google.com/file/d/1849qCqF9R-rgoplCsFkV3mdEkxyKzB6v/view?usp=drivesdk,https://drive-thirdparty.googleusercontent.com/16/type/image/gif,https://lh3.googleusercontent.com/drive-storage/AJQWtBN69qexKTCd1d7HsB9BaZggUnU4HPCiI0w159KJ3dsfBMKJkJuNWNat4bs7CKpYuqRJDR6iiklrrtPMgIXtZdfjVJNpOFv3jxbTPPtshxC2cMw=s220,143 Whip épaule.gif,gif
144,1_tvwN0dbv2BuU5AErtI7lb77dt0jOz1t,144 Traversé MD MD envoie au bras.gif,image/gif,https://drive.google.com/file/d/1_tvwN0dbv2BuU5AErtI7lb77dt0jOz1t/view?usp=drivesdk,https://drive-thirdparty.googleusercontent.com/16/type/image/gif,https://lh3.googleusercontent.com/drive-storage/AJQWtBNYcHVeBhoErbwUPT2hNgrBbx0Ux6otIzXw2sfT1y8WZfNMNQch4XqItYp05Uz0kXDyLNlT2H7TQ8n2V3v4qp_nFgbvUOEDN1Itk6n9DYTPtpg=s220,144 Traversée MD MD envoi avant bras tour lâché.gif,gif
145,1ldwbvH1i1srG7EjS5c71WXbjM-WW4650,145 whip dans le dos retenu au ventre.gif,image/gif,https://drive.google.com/file/d/1ldwbvH1i1srG7EjS5c71WXbjM-WW4650/view?usp=drivesdk,https://drive-thirdparty.googleusercontent.com/16/type/image/gif,https://lh3.googleusercontent.com/drive-storage/AJQWtBO_FEUU2AuyzHEawax-Ib_8CDb0VMYMJel8QS3jJQLz4feHoMpZmZPcEwFrc-2czQEDLgOQ5I_0hSE78-Of-yMLy9ekxEJpbpxw4aannKfpvkQ=s220,145 whip dans le dos retenu au ventre.gif,gif
146,1UvxlJBYQ29iAWCdxQoBwGugilz9R9aXX,146 Catapulte tombé sous les bras.gif,image/gif,https://drive.google.com/file/d/1UvxlJBYQ29iAWCdxQoBwGugilz9R9aXX/view?usp=drivesdk,https://drive-thirdparty.googleusercontent.com/16/type/image/gif,https://lh3.googleusercontent.com/drive-storage/AJQWtBMPJ6JZ-wOPN5Mp-8PlOUso7Gzak1MdfiGnDy-zuukWnTaYbrwI5zVV4SAna860SaRglu2PAcrEzO8j3-r1dSZtZrYIfHxTcGmYuakP1xqrrA=s220,146 Catapulte tombé sous les bras.gif,gif
147,1hrct3eQlNztzxl9OqMEoqtqYWjCVj8y6,147 Catapulte tombé par-dessus.gif,image/gif,https://drive.google.com/file/d/1hrct3eQlNztzxl9OqMEoqtqYWjCVj8y6/view?usp=drivesdk,https://drive-thirdparty.googleusercontent.com/16/type/image/gif,https://lh3.googleusercontent.com/drive-storage/AJQWtBOre-gCXHddCr4V9oB4IgwLt8kBafdn0rY3GnWE_K6liwnoN-WVwOLBttO7EXlGEY3vMZnNj3KZO16dbeISfalNBUb-fbDzkDcUPImCZ9T3DPQ=s220,147 Catapulte tombé par-dessus.gif,gif
148,1zU2mOAOhY9QHUUZIfSuqV18CUgeV9Zq6,148 Tombé dans le dos.gif,image/gif,https://drive.google.com/file/d/1zU2mOAOhY9QHUUZIfSuqV18CUgeV9Zq6/view?usp=drivesdk,https://drive-thirdparty.googleusercontent.com/16/type/image/gif,https://lh3.googleusercontent.com/drive-storage/AJQWtBMydXpOgliU_FpTj-MYI29_qWbFsYYQe9ADMLZM4M2fGHVOQKe39bsZeTfQagwCTXEbY7eiFr81AmrX6JBpr5CfmKdb3mnHhL_tIzTW8XBMJvk=s220,148 Tombé dans le dos.gif,gif
149,1GDXGzSN7gciadmRy-hChx2om_yarbZKt,149 Récupération à 2 mains.gif,image/gif,https://drive.google.com/file/d/1GDXGzSN7gciadmRy-hChx2om_yarbZKt/view?usp=drivesdk,https://drive-thirdparty.googleusercontent.com/16/type/image/gif,https://lh3.googleusercontent.com/drive-storage/AJQWtBO6s4cLyC8wqIRqQjpC03CMu6NH_ieAMwyII5N0VRpAUJJav297KXBZkV0Yl9SKS7nA9ih9lQkh1LIpj1fDnxD88r8zWFFj7kbPKmAigJ2MGY8=s220,149 Récupération à 2 mains.gif,gif
150,1SnZ2ahSti8gPQnxaymyLpr6O9O0-C_LA,150 Guidage à 2 mains.gif,image/gif,https://drive.google.com/file/d/1SnZ2ahSti8gPQnxaymyLpr6O9O0-C_LA/view?usp=drivesdk,https://drive-thirdparty.googleusercontent.com/16/type/image/gif,https://lh3.googleusercontent.com/drive-storage/AJQWtBMXVFsjSqRPcE84GiQJhjlxGg42d_v7KypViqkTBpwfgtMBUkmWZsBvBpMTGtLQWmiETeBl72XeCsaD33SBnilNvS20N-ci6zNsKqlrc7yqMQ=s220,150 Guidage à 2 mains.gif,gif
151,1udapITmPRgFlhZQ1O4eB83Afein27tpW,151 Sortie 2 mains autour du cou devant.gif,image/gif,https://drive.google.com/file/d/1udapITmPRgFlhZQ1O4eB83Afein27tpW/view?usp=drivesdk,https://drive-thirdparty.googleusercontent.com/16/type/image/gif,https://lh3.googleusercontent.com/drive-storage/AJQWtBNvE4E7PevpYgz-O7peKjVt-jnmxYUIFK021i2hNT3M2vdWusfWxc9ep886M7GYe0L075B33W0LC70jpgnP5u75TZjP5Jv30tBoOBI6_jt1PHs=s220,151 Sortie 2 mains autour du cou devant.gif,gif
153,1ZJELnia3Df6JK5ShrGbxQRreST7T2dnr,153 Sortie 2 mains tombé pont.gif,image/gif,https://drive.google.com/file/d/1ZJELnia3Df6JK5ShrGbxQRreST7T2dnr/view?usp=drivesdk,https://drive-thirdparty.googleusercontent.com/16/type/image/gif,https://lh3.googleusercontent.com/drive-storage/AJQWtBNf8j4x_nRTB_PgUBuJCw-ym2g56Cu0vrB9wH4FF71GDjJohgt5YF2VYivrX8qwtIWLalw-V5OBxtPZRCrVVA0Sj6T_5_REZE5lqxS-9IGyaVo=s220,153 Sortie 2 mains tombé pont.gif,gif
154,1LdhVMogsgYxqPRbBzSlWYVvUL-iHz7Ra,154 Hésitations face en couple.gif,image/gif,https://drive.google.com/file/d/1LdhVMogsgYxqPRbBzSlWYVvUL-iHz7Ra/view?usp=drivesdk,https://drive-thirdparty.googleusercontent.com/16/type/image/gif,https://lh3.googleusercontent.com/drive-storage/AJQWtBPQAoZD4I1u_W5vf2DZ1Gxqfc6XhD_xGEsgBHcWeLn2X2KzD8Ya7QLtA09LNVcLfUTpyzX2kYIp1-OHGF3sR2RmGdZKiKl3a-RWlvhe0q3QHg=s220,154 Hésitations face en couple.gif,gif
155,1pinxcrH0K4QA732hRC_Jws1IjiFsQr7h,155 Hésitations face mains parallèles.gif,image/gif,https://drive.google.com/file/d/1pinxcrH0K4QA732hRC_Jws1IjiFsQr7h/view?usp=drivesdk,https://drive-thirdparty.googleusercontent.com/16/type/image/gif,https://lh3.googleusercontent.com/drive-storage/AJQWtBMBuvrcCXTf4ATrpBuZ9hDBVf8tMShrpUnmPTDz8JsKkItIqeqieXAotoZEOC2DVp4993aJHCaG2jdr3Oj1fAJCkp1R4AcdTcvDQ1By-J8EcjQ=s220,155 Hésitations face mains parallèles.gif,gif
156,1H-t4qvieJahBi6FU43c8ZHMEpr-vDnZR,156 Hésitations face MG MD.gif,image/gif,https://drive.google.com/file/d/1H-t4qvieJahBi6FU43c8ZHMEpr-vDnZR/view?usp=drivesdk,https://drive-thirdparty.googleusercontent.com/16/type/image/gif,https://lh3.googleusercontent.com/drive-storage/AJQWtBMfJ8Qm6ion6ZRY8diMmzhqUwPg2ww61-dzD6-L8o4mm-uL7ECP-lxgknrGn5rJ1_diUbbfsp9pyILUGPMmDrOpQU8kWvPwT-APuhm2EWqs3h0=s220,156 Hésitations face MG MD.gif,gif
157,1EE7XF4YwvdaYPFBrAOxgekyp_7qxx5mj,157 Hésitations face mains croisées.gif,image/gif,https://drive.google.com/file/d/1EE7XF4YwvdaYPFBrAOxgekyp_7qxx5mj/view?usp=drivesdk,https://drive-thirdparty.googleusercontent.com/16/type/image/gif,https://lh3.googleusercontent.com/drive-storage/AJQWtBNXe_wWJca6y5Wk08Oulry9p7coGifOpOX6KVkjhFeDRI26LUCc2qgVGq5xYlJERiAn_43J12yruktABwFCypoBY8mZkyyx0QTrjirDjdhWog=s220,157 Hésitations face mains croisées.gif,gif
158,1gNSR7gtpeGYEo_5FrmhaxJ49pcwAUzmg,158 Hésitations MD MD fille de dos.gif,image/gif,https://drive.google.com/file/d/1gNSR7gtpeGYEo_5FrmhaxJ49pcwAUzmg/view?usp=drivesdk,https://drive-thirdparty.googleusercontent.com/16/type/image/gif,https://lh3.googleusercontent.com/drive-storage/AJQWtBPg3WdHooUXcuv28ODtQnCfD55MusE-NP9NnIEnnuB_ZwS2OPjOLjq50leJuzZtvC6mOcAJPg7y_EQUh9kSnEgv4BYxi0ARxjQqX6G4W4wOOsE=s220,158 Hésitations MD MD fille de dos.gif,gif
159,1XwWP2ha4YWjxQXMQ3nidOgIZig-rFeGd,159 Hésitations prise aux coudes.gif,image/gif,https://drive.google.com/file/d/1XwWP2ha4YWjxQXMQ3nidOgIZig-rFeGd/view?usp=drivesdk,https://drive-thirdparty.googleusercontent.com/16/type/image/gif,https://lh3.googleusercontent.com/drive-storage/AJQWtBPpLwuKVWmaPdd4lwaKQgKnj8XMMgq50H851d5bC1MMC1lWodxOXBw7SDPqWPMUMEOWDGQ2JDmVuZvk0fgruRuhB1x4bAMR088Z-bbfUAk36Ug=s220,159 Hésitations prise aux coudes.gif,gif
160,16TEuEr4znvTpCAjfOwH88ypmqvCepuz3,160 Croche MG.gif,image/gif,https://drive.google.com/file/d/16TEuEr4znvTpCAjfOwH88ypmqvCepuz3/view?usp=drivesdk,https://drive-thirdparty.googleusercontent.com/16/type/image/gif,https://lh3.googleusercontent.com/drive-storage/AJQWtBMdQeLsJ-u7_ez2lKVFvshrHji4Dlwixv_7_M_ctbfObWdtErO6q8T90_LYTNA-y6dLJ4V340UUAN1BgRsSNvvzYCFzZ1424-tt-DWHjMc39eM=s220,160 Croche MG.gif,gif
161,1tL5YMfxf5aTzCaEBVWQY69jSAVTlyESy,161 Croche MD.gif,image/gif,https://drive.google.com/file/d/1tL5YMfxf5aTzCaEBVWQY69jSAVTlyESy/view?usp=drivesdk,https://drive-thirdparty.googleusercontent.com/16/type/image/gif,https://lh3.googleusercontent.com/drive-storage/AJQWtBN70sGkcs-IUhftUSTQq4wQ29DjlFSoZuq6J7MuVHonkU8zalYg-fLnR7XspXHpA1wQ555ePB0JSHyiRCbUZjsV0V3UuAojZb8o4xU86jXX-R0=s220,161 Croche MD.gif,gif
162,163HWbw3wVKp-hBTdXkKZVPOMBYJXmGZm,162 Compas.gif,image/gif,https://drive.google.com/file/d/163HWbw3wVKp-hBTdXkKZVPOMBYJXmGZm/view?usp=drivesdk,https://drive-thirdparty.googleusercontent.com/16/type/image/gif,https://lh3.googleusercontent.com/drive-storage/AJQWtBO3nzQIwp888DGG0gp6enFt-EhlR48zA_RE41H4urQwGjh9JC8a1S0jk5-aDlZjqm8ZyXB0Hz68eohs6iywzOrBkqMyWakUx92DL9h5S7-sfA=s220,162 Compas.gif,gif
163,1uRSmSYTQF5rAFKvrMSFyE-SXhRZqoj8o,163 Toupie.gif,image/gif,https://drive.google.com/file/d/1uRSmSYTQF5rAFKvrMSFyE-SXhRZqoj8o/view?usp=drivesdk,https://drive-thirdparty.googleusercontent.com/16/type/image/gif,https://lh3.googleusercontent.com/drive-storage/AJQWtBMqgxUcgSltfwFleAGOSE1n8ajkqW34k12lkW0wvKMjdCPWICDP5FN5AniTuXxJMxQkf9ggL7QnFzYwUt7Uz4lL4dEFbjzgCot-y_wPlqz7Uuo=s220,163 Toupie.gif,gif
164,19wXqFpsdG-zzzR4HxHGksg2knvVRVDop,164 Tours autour du garçon.gif,image/gif,https://drive.google.com/file/d/19wXqFpsdG-zzzR4HxHGksg2knvVRVDop/view?usp=drivesdk,https://drive-thirdparty.googleusercontent.com/16/type/image/gif,https://lh3.googleusercontent.com/drive-storage/AJQWtBNu928UtAYmYM1Smwoy4j2gwBSCSsCrCLtFZKumn4p2dAH5PG3Gmbs2U1KOQ7jD1HmSpE8DaTPQu88emjjClh2-TmSy-fUtHlWtm0S3DhMCTpU=s220,164 Tours autour du garçon.gif,gif
166,1CMy74-cORvee4ouoewFUnZOpgq9Dm2h-,166 Illusions déboulés tours forcés.gif,image/gif,https://drive.google.com/file/d/1CMy74-cORvee4ouoewFUnZOpgq9Dm2h-/view?usp=drivesdk,https://drive-thirdparty.googleusercontent.com/16/type/image/gif,https://lh3.googleusercontent.com/drive-storage/AJQWtBPWl9YbOQgVew9aRFOwXHRHMxirY_e7rGOoXlIsExiUXHNCCgsmi_vPLiizxOpHt7bxCsES5EwVhv-9Z6e5y6nXuliw0ZFZVdEB39Yh9YJz4wI=s220,166 Illusions déboulés tours forcés.gif,gif
167,1gyt54-Q1MLzmvjIlFMoRT6gZ5dVImmfq,167 Glissade sous le bras corbeille.gif,image/gif,https://drive.google.com/file/d/1gyt54-Q1MLzmvjIlFMoRT6gZ5dVImmfq/view?usp=drivesdk,https://drive-thirdparty.googleusercontent.com/16/type/image/gif,https://lh3.googleusercontent.com/drive-storage/AJQWtBOsplIALlQ1qAPz4r4crkspokmNU81dVEEeJS2Qzd-4bIqiqTxboDr1YNB6i50ru-NEQ_A35eCL8o6KcMAVwZynB0xRx6LnZY2XKYdemj-alQ=s220,167 Glissade sous le bras corbeille.gif,gif
177,1o1mmVUoPimCWYXKvdFG9iLkV2ATRH_6_,177 Tombé à gauche avec vagues.gif,image/gif,https://drive.google.com/file/d/1o1mmVUoPimCWYXKvdFG9iLkV2ATRH_6_/view?usp=drivesdk,https://drive-thirdparty.googleusercontent.com/16/type/image/gif,https://lh3.googleusercontent.com/drive-storage/AJQWtBO6JsY6ndIf51EmeXOWSMp5TzCYgibdAxmo8F8EqJNPUS-DHkyMvkGWqYT9CVoJANcc2DC4JxZQbcOXEwoGPIMqauAxhDrko8H8jX2Dvbz6qEg=s220,177 Tombé à gauche avec vagues.gif,gif
178,1waasSEfTxK3-auOZNQEjIbBb5lbCCfIA,178 Head - hear rolls.gif,image/gif,https://drive.google.com/file/d/1waasSEfTxK3-auOZNQEjIbBb5lbCCfIA/view?usp=drivesdk,https://drive-thirdparty.googleusercontent.com/16/type/image/gif,https://lh3.googleusercontent.com/drive-storage/AJQWtBOzVb4cSM5vWkB5YaBdXV3Z-yjjo6cnhfHmbLTXcfLO0MMduAlVXYRX4fIBGS5AYbrNoNyoRqvW940sddIEQdiBScdr_xzJc8FTtNnyTsv6-xM=s220,178 Head - hear rolls.gif,gif
179,15pUSx0RKMjbd9GvMLTtoYwihKIqvtDrC,179 MD MD doigt au coude.gif,image/gif,https://drive.google.com/file/d/15pUSx0RKMjbd9GvMLTtoYwihKIqvtDrC/view?usp=drivesdk,https://drive-thirdparty.googleusercontent.com/16/type/image/gif,https://lh3.googleusercontent.com/drive-storage/AJQWtBNFLoBPppmsdiKO1cbNwsikfaM2QIa49tBSViMD9SDtvpcOJColjbunGsleeeL_OpUw3itiYx27-k4IzMZryQaDA93zDYYMMtaTb5CvO6nnbl8=s220,179 MD MD doigt au coude.gif,gif
180,1Wvl55uVckBtOuiAokpTSioFZYWsOS7VR,180 Envoi au coude.gif,image/gif,https://drive.google.com/file/d/1Wvl55uVckBtOuiAokpTSioFZYWsOS7VR/view?usp=drivesdk,https://drive-thirdparty.googleusercontent.com/16/type/image/gif,https://lh3.googleusercontent.com/drive-storage/AJQWtBPQho0AJTCTG0xF6jHIUxwH5vU_bA_m7Tes37s3NZ4pzEci_NDWXgadiurp84vfSPDipcuPAj59XyjMpdva3ghv2wCV0Zio-FfGB1iE6f2HhLg=s220,180 Envoi au coude.gif,gif
181,17hlKKe0kEzDfx3fO7Jm2GCvN7JQjkRs0,181 MD MD doigt aux coudes sortie arrière.gif,image/gif,https://drive.google.com/file/d/17hlKKe0kEzDfx3fO7Jm2GCvN7JQjkRs0/view?usp=drivesdk,https://drive-thirdparty.googleusercontent.com/16/type/image/gif,https://lh3.googleusercontent.com/drive-storage/AJQWtBMzlwglTcXw-cDBvFU0AN4sS6o-JUOhS3PGNkpVxdLRz0isjwYqgxDGPWSOlyFpyhelnjNT85pXM-GlX1x6rHGzfRnvO_t7QSJH4RiNDGwh8Xo=s220,181 MD MD doigt aux coudes sortie arrière.gif,gif
182,1eo_cnwK3jQxZS_Is16W1ukXQo8TvXy6U,182 Mains croisées sortie face doigts aux coudes.gif,image/gif,https://drive.google.com/file/d/1eo_cnwK3jQxZS_Is16W1ukXQo8TvXy6U/view?usp=drivesdk,https://drive-thirdparty.googleusercontent.com/16/type/image/gif,https://lh3.googleusercontent.com/drive-storage/AJQWtBOmltmHR-SuDLCRysiqWTragmZaq3nu8rK1Y3FSieNeM1oIkghM8qX_6OWMqakwj6ck88AH6NBK3LwbZ3LFUMbQTgrPd2itnKvajVmn2wuYmZQ=s220,182 Mains croisées sortie face doigts aux coudes.gif,gif
183,1VwfuN1i7LkWm7QUb1OchbTdUENygDIL2,183 Mains croisées doigts aux coudes sortie dos.gif,image/gif,https://drive.google.com/file/d/1VwfuN1i7LkWm7QUb1OchbTdUENygDIL2/view?usp=drivesdk,https://drive-thirdparty.googleusercontent.com/16/type/image/gif,https://lh3.googleusercontent.com/drive-storage/AJQWtBOOE-E9HRPs3LofjKSLUtC0b1wYuEPTFzNOm5lFYF7VDlTTRyhbX_u4dagV3qeBF65FaYNdf7UuPqsBL82X7Y9TtdRL2JKl5buno-uTABH6HkU=s220,183 Mains croisées doigts aux coudes sortie dos.gif,gif
184,194sikS3LEOFI1YmMw0PlpaAEaftI8fv7,184 Mains croisées 1 tour de plus V1.gif,image/gif,https://drive.google.com/file/d/194sikS3LEOFI1YmMw0PlpaAEaftI8fv7/view?usp=drivesdk,https://drive-thirdparty.googleusercontent.com/16/type/image/gif,https://lh3.googleusercontent.com/drive-storage/AJQWtBPJsgNTn5GCgK_OJW2_eVRVWYagzaQsWoSAEwUlWCe4Id5oFkF6te8CtPOW46V5nZgThmCLdGvuAFUnXJIGl8mmF2Bi1dU2FA9m8upWuDRiXSk=s220,184 Mains croisées 1 tour de plus V1.gif,gif
185,1ZbK5_TyEg9GXoZlvPYjdpVeB6OG0ozVV,185 Mains croisées 1 tour de plus V2.gif,image/gif,https://drive.google.com/file/d/1ZbK5_TyEg9GXoZlvPYjdpVeB6OG0ozVV/view?usp=drivesdk,https://drive-thirdparty.googleusercontent.com/16/type/image/gif,https://lh3.googleusercontent.com/drive-storage/AJQWtBPRC97rqf0DcKqj0uaTWpBU1yTmD2muT4vxkM-WjmeDryczN75tHjpqGenxHXwvSeD-j_Vd3iMaVIRbuHaHcX-2NRxQTvnIER3aKb4hEWNPGg=s220,185 Mains croisées 1 tour de plus V2.gif,gif
188,1rTQAUOtkrAmXdB0h6HGxURXopE07pPtj,188 Tour épaule duck.gif,image/gif,https://drive.google.com/file/d/1rTQAUOtkrAmXdB0h6HGxURXopE07pPtj/view?usp=drivesdk,https://drive-thirdparty.googleusercontent.com/16/type/image/gif,https://lh3.googleusercontent.com/drive-storage/AJQWtBM7StjKNEanoPg2uvd3KoBAcfZ1FFwfc5621zG7ILurOXA83sRrHI0M3h3JphSuq8DzvQ5_4XAHyAnN3KcX5rmJwyI5JfIAYlyn1OgnFOVN2Xg=s220,188 Tour épaule duck.gif,gif
189,1iMk1yvmRybkK7o5QpJldNZeEnW4WlbIa,189 Tours intérieurs puis nuque.gif,image/gif,https://drive.google.com/file/d/1iMk1yvmRybkK7o5QpJldNZeEnW4WlbIa/view?usp=drivesdk,https://drive-thirdparty.googleusercontent.com/16/type/image/gif,https://lh3.googleusercontent.com/drive-storage/AJQWtBN0ecSnP3K5dSOYMOcK2m7yaZMXLY8Rqbuq0l_Yz66DWgYCpF2V3PEa328CMHJTmodn7NPFKHJtMurEqQ4vMTbZSQ9hQASJhChTXklX-T2bmA=s220,189 Tours intérieurs puis nuque.gif,gif
191,1KWq8GFWyzIJJIXqK9Pgks9EEv62DFn0t,191 Câlin passage des coudes garçon au-dessus.gif,image/gif,https://drive.google.com/file/d/1KWq8GFWyzIJJIXqK9Pgks9EEv62DFn0t/view?usp=drivesdk,https://drive-thirdparty.googleusercontent.com/16/type/image/gif,https://lh3.googleusercontent.com/drive-storage/AJQWtBPefIjb6Fu9ZW8h_cY3mw2ZY9OkYrdmXwnE7RbKDFw1_vSQrAHMW3tG03_3V4h7_-S1p4EQ5HRoWB2Tmc8b8Dn_bW8ReGKcr-FQuirbP8SJzQM=s220,191 Câlin passage des coudes garçon au-dessus.gif,gif
192,14LUKgOhC90-C4FvOoOo4eAP6hF5e3BGg,192 épaule épaule envoi bras droit cavalière.gif,image/gif,https://drive.google.com/file/d/14LUKgOhC90-C4FvOoOo4eAP6hF5e3BGg/view?usp=drivesdk,https://drive-thirdparty.googleusercontent.com/16/type/image/gif,https://lh3.googleusercontent.com/drive-storage/AJQWtBOMLIaYzU-01sRn--oG2df8TBKRU9RIZ1qn97jZ5N8FyA4UekEi_EuKwN0ohyDyxR6SL2paNLNUKPSwz-x4MaR8VRTON_8ODAdRskE1PWSdpjI=s220,192 épaule épaule envoi bras droit fille.gif,gif
193,1pMf4RkScjHMa9aEqW2Tuf4zxFI0riP-C,193 Tombé jambe au sol.gif,image/gif,https://drive.google.com/file/d/1pMf4RkScjHMa9aEqW2Tuf4zxFI0riP-C/view?usp=drivesdk,https://drive-thirdparty.googleusercontent.com/16/type/image/gif,https://lh3.googleusercontent.com/drive-storage/AJQWtBP9bVpB6_cCCnDODqRqoXwwDl5xYd9FMoCg7tul0YNW1dSOsrCOMTZbsEG9U4zPvmCnXEa1MOCHWYviYBjFGB5LAvS4WuzMwt8dx0rar3sFmg0=s220,193 Tombé jambe au sol.gif,gif
194,1vcBMqVeLheUXZyE0As6hAc5doir8pKPY,194 Penché autour du cou du garçon.gif,image/gif,https://drive.google.com/file/d/1vcBMqVeLheUXZyE0As6hAc5doir8pKPY/view?usp=drivesdk,https://drive-thirdparty.googleusercontent.com/16/type/image/gif,https://lh3.googleusercontent.com/drive-storage/AJQWtBOwzRuu3SWK9tlHQS2d_4EV49qRMhNLuibTVbcUdMBpxrgLQkMsybhff4EesFx58RwzIBa6WVUjoqQklXkwKxJ3kyi3qp4D6aPQh3Pr94yXUI4=s220,194 Penché autour du cou du garçon.gif,gif
195,1m7ZRT3iUODW0S9n5rXhmkhbWHiBQMEss,195 Penché pompe pour la fille.gif,image/gif,https://drive.google.com/file/d/1m7ZRT3iUODW0S9n5rXhmkhbWHiBQMEss/view?usp=drivesdk,https://drive-thirdparty.googleusercontent.com/16/type/image/gif,https://lh3.googleusercontent.com/drive-storage/AJQWtBO0Tu-RQpG1V1q1cI6sbLUmvfdw8NSnkBMUpsZZhaws2aNRA0XE0ed2h5Ij7gTKJ94ovI2BL2Xra9t4pt_76z5EXTGRBb7IUwY_nxao_VZHNA=s220,195 Penché pompe pour la fille.gif,gif
196,1ul4KTmoVBWw044wQ-MY7wHh0PXBv--io,196 Penché sur le dos du garçon.gif,image/gif,https://drive.google.com/file/d/1ul4KTmoVBWw044wQ-MY7wHh0PXBv--io/view?usp=drivesdk,https://drive-thirdparty.googleusercontent.com/16/type/image/gif,https://lh3.googleusercontent.com/drive-storage/AJQWtBNw6qbKuiSDrRnAPJZWmA2X_aTLG2KJzvIMMDeZqpxOtbj5BR4n5ai2DLhIeJGOHrkj0cSzcdZgGuvH91fedjAIpdP6JqBJT3EiGElbZ7QBitE=s220,196 Penché sur le dos du garçon.gif,gif
197,1C-y6vfPUa3VNwvLcN89nVDGLsKUK44G1,197 Penché panier inversé.gif,image/gif,https://drive.google.com/file/d/1C-y6vfPUa3VNwvLcN89nVDGLsKUK44G1/view?usp=drivesdk,https://drive-thirdparty.googleusercontent.com/16/type/image/gif,https://lh3.googleusercontent.com/drive-storage/AJQWtBOjMW02teg0qkSLKd2qOlgRElIzu59D1mYXYhsCU2YegpIpr8FXb6kc2uIV6jNuH_vRQo1FJSchSEKnGxWWyXO6U4bqGbhOllJWIlWzo3xDkfU=s220,197 Penché panier inversé.gif,gif
198,1KXm7ivb2iLFwhZZnCgRw8eZLZszBv-oO,198 Titanic sous le bras.gif,image/gif,https://drive.google.com/file/d/1KXm7ivb2iLFwhZZnCgRw8eZLZszBv-oO/view?usp=drivesdk,https://drive-thirdparty.googleusercontent.com/16/type/image/gif,https://lh3.googleusercontent.com/drive-storage/AJQWtBOmN6_XWSFIMR--2TCMCNYbKXfXn3I9UvE7YBjx8iPLX-zB3aBmWwFYNGTl_lrXNhWmA1kaOP_UCrd91f7EMZdO_KTo0RTpMQB_-juwoCkvL3Y=s220,198 Titanic sous le bras.gif,gif
199,10ZWblwDcMjbcSX21G-I9LwUE3tRcv_08,199 Penché Tango.gif,image/gif,https://drive.google.com/file/d/10ZWblwDcMjbcSX21G-I9LwUE3tRcv_08/view?usp=drivesdk,https://drive-thirdparty.googleusercontent.com/16/type/image/gif,https://lh3.googleusercontent.com/drive-storage/AJQWtBMbjPgqxBYoupSu579yCIfz1DVvArHIO1j3toFSB9yHmQP7Qxs8hj4MstVkoi42-OXR7ggbyieJ4zS0nFYDavl_rogNKt0nQsChZcG6BIiFjCk=s220,199 Penché Tango.gif,gif
200,1jBX5n4mmSOZvEthLCEuXVCLZRQZBkM5o,200 Penché fille croise la jambe devant.gif,image/gif,https://drive.google.com/file/d/1jBX5n4mmSOZvEthLCEuXVCLZRQZBkM5o/view?usp=drivesdk,https://drive-thirdparty.googleusercontent.com/16/type/image/gif,https://lh3.googleusercontent.com/drive-storage/AJQWtBPgJRwYjLq8T7yq5HDvjbycPvvMfNXF2A9ov1l7JY94ElEmVbWuuqlG58jWnwQ6jz3F6m1ze-oPe6kjsNwZ2OjAxUaEo8rnm1Bt-GQMgvgruA=s220,200 Penché fille croise la jambe devant.gif,gif
201,12GR1Ltp1Ll9QzogDhCcl6OQlJ8d0dkd0,201 Tombé corbeille.gif,image/gif,https://drive.google.com/file/d/12GR1Ltp1Ll9QzogDhCcl6OQlJ8d0dkd0/view?usp=drivesdk,https://drive-thirdparty.googleusercontent.com/16/type/image/gif,https://lh3.googleusercontent.com/drive-storage/AJQWtBMnfOddyfXiX6B0ulVOzA3xa2ODouvgVdtXUDBM5e90-SC2vB_L1-4POAevvLjE8wmGDi_B1C4QVcS-DITrkel9LgVyf_93JMFrmiHekkwyVyI=s220,201 Tombé corbeille.gif,gif
202,12V0x68PGzllC_PgCnkr-VFryw0kNeA6J,202 Corbeille passage par-dessus la fille.gif,image/gif,https://drive.google.com/file/d/12V0x68PGzllC_PgCnkr-VFryw0kNeA6J/view?usp=drivesdk,https://drive-thirdparty.googleusercontent.com/16/type/image/gif,https://lh3.googleusercontent.com/drive-storage/AJQWtBOUeQIT3RtTxlD3IpmddfVDpNR_JL7K80JZ12C9miWIkTUZFrRIv97CYO_PUFKE2yQ2m15LLq_E8h4-W9R9gGCgUrL3KRJokbF96yemjt8qyQ0=s220,202 Corbeille passage par-dessus la fille.gif,gif
203,1go6Lx4lgvsRzwfnoyEm0bzKFQagFki_i,203 Tombé papillon vers l_avant.gif,image/gif,https://drive.google.com/file/d/1go6Lx4lgvsRzwfnoyEm0bzKFQagFki_i/view?usp=drivesdk,https://drive-thirdparty.googleusercontent.com/16/type/image/gif,https://lh3.googleusercontent.com/drive-storage/AJQWtBOrZt9AoYhripHGhUk8e5WA-fgd5DRMGxeBT9NL58idfObBRluO4ZzzBupD-HOSIMM6P43q8jVdTSW0FzhipBO4zp69B5ORpKJB0-sRRn8xDmE=s220,203 Tombé papillon vers l_avant.gif,gif
204,1AiOL-q-GEfN7Djn5OBT8lAddk-iDxt8Q,204 Crochet.gif,image/gif,https://drive.google.com/file/d/1AiOL-q-GEfN7Djn5OBT8lAddk-iDxt8Q/view?usp=drivesdk,https://drive-thirdparty.googleusercontent.com/16/type/image/gif,https://lh3.googleusercontent.com/drive-storage/AJQWtBPBE1n5K-Np2p_CU_PsWbPj_HmoXWf6b6Lj4Qjx4Tbl5LtPak4zl8edAfegz75Lh5aAzk6icgziJZP_-p515ZwG3YWw-jgqf0d0DabKE95t6ks=s220,204 Crochet.gif,gif
205,1H6aKQi3NjYfJZm0KL28Wvxu1jVk0VAjf,205 Crochet 2 tours.gif,image/gif,https://drive.google.com/file/d/1H6aKQi3NjYfJZm0KL28Wvxu1jVk0VAjf/view?usp=drivesdk,https://drive-thirdparty.googleusercontent.com/16/type/image/gif,https://lh3.googleusercontent.com/drive-storage/AJQWtBMYuss_t1HXgJ8D_4y5RDivVQwgdpzMSL1j4D2d2nH_gjiDU7Ha_eA_xibsIKaIhWbjns-OonmzttiRamiTbPfOftZuhy2LXC_N6zwR0OcRO6w=s220,205 Crochet 2 tours.gif,gif
206,114Whz416fK9M5BpNyjRpGL3O9una4HCC,206 Billet sous le tapis.gif,image/gif,https://drive.google.com/file/d/114Whz416fK9M5BpNyjRpGL3O9una4HCC/view?usp=drivesdk,https://drive-thirdparty.googleusercontent.com/16/type/image/gif,https://lh3.googleusercontent.com/drive-storage/AJQWtBMYV6K2sZHtJ5CT4Da6y6Qg30sW56w4BhXCMFNOCh0zzN_EiYPITxMHfYlE0rVncy9I8agWQNboUN_qBIBlpsWuGIhuN5xqy4hqZvRqsQ94YJ4=s220,206 Billet sous le tapis.gif,gif
207,1s2gnSSk73Rd-ODJ3up0LMV5I3hHHsq3x,207 Tombé Bachata.gif,image/gif,https://drive.google.com/file/d/1s2gnSSk73Rd-ODJ3up0LMV5I3hHHsq3x/view?usp=drivesdk,https://drive-thirdparty.googleusercontent.com/16/type/image/gif,https://lh3.googleusercontent.com/drive-storage/AJQWtBM6yzbG766wpFu2DsBdiW89fS2fk-2HCxNRXTDgz1-H-KvdlW2gbs0Y16tS7cF127Mkg-kOTNOaQ1oWZGD3mufZbIeoa_-6stUYw78nAvPo5g=s220,207 Tombé Bachata.gif,gif
212,1Ak-f4l2mfKI4qtC2m7yTPhUcyhqyGdv3,212 Tombé face au sol sous les bras.gif,image/gif,https://drive.google.com/file/d/1Ak-f4l2mfKI4qtC2m7yTPhUcyhqyGdv3/view?usp=drivesdk,https://drive-thirdparty.googleusercontent.com/16/type/image/gif,https://lh3.googleusercontent.com/drive-storage/AJQWtBOBL_PovcbYj-cte7LFNirddk31-U6YDGM8fQdiNLy9ad4gZMqvsZTA9hohlJXhXoCZ8FeG24VA4mFRdt6XwIpSxlFJapTG1wsG38--XT2BJA=s220,212 Tombé face au sol sous les bras.gif,gif
213,1QEsO9AziS5rq661bsLHvR-PpNMTaZU8r,213 Titanic rotatif.gif,image/gif,https://drive.google.com/file/d/1QEsO9AziS5rq661bsLHvR-PpNMTaZU8r/view?usp=drivesdk,https://drive-thirdparty.googleusercontent.com/16/type/image/gif,https://lh3.googleusercontent.com/drive-storage/AJQWtBMjK-hAtF-W7FMCxyGpr6rMSBm3AWQQ-5agTmdSITpNniSltWrTivBYwVug-mhvVdiCOJDo6YRIb_CmtCkM4sDkpFs8EVJU7Oij8zlT_m-2NeQ=s220,213 Titanic rotatif.gif,gif
214,1WUKl26OcfC-3e6h4UjkbzoZgIeOBZN6D,214 Penché rotatif mains parallèles.gif,image/gif,https://drive.google.com/file/d/1WUKl26OcfC-3e6h4UjkbzoZgIeOBZN6D/view?usp=drivesdk,https://drive-thirdparty.googleusercontent.com/16/type/image/gif,https://lh3.googleusercontent.com/drive-storage/AJQWtBPUSHyyPdpQmAH_6OzaR7cvu94zJZd5kkruybTcO6sjj6-z2zKvnSm4MT9oYmHzKMBrWysEBmLXkOaMb4aar3dTWFA1Hrmb3WKVlPxoaywovaE=s220,214 Penché rotatif mains parallèles.gif,gif
215,1JpUjKYq6-KT5tXNFtdlYsUGBHDGrW6ls,215 Penché rotatif mains croisées.gif,image/gif,https://drive.google.com/file/d/1JpUjKYq6-KT5tXNFtdlYsUGBHDGrW6ls/view?usp=drivesdk,https://drive-thirdparty.googleusercontent.com/16/type/image/gif,https://lh3.googleusercontent.com/drive-storage/AJQWtBM7eHVHRMNFCsFena2Wc6VcY_VGgca92P_3MoEiM3XL9dYN-fBAR7F0bBUp54vCw9R9Fqi0rGKcvCFqjUyJwFUcA9rvjePjpsQtCamN87mEa0Y=s220,215 Penché rotatif mains croisées.gif,gif
216,1zr4kKrL6fZ5PJ0u1HbPZ7styQM3ko15x,216 Tombé renversé sur ligne danseur.gif,image/gif,https://drive.google.com/file/d/1zr4kKrL6fZ5PJ0u1HbPZ7styQM3ko15x/view?usp=drivesdk,https://drive-thirdparty.googleusercontent.com/16/type/image/gif,https://lh3.googleusercontent.com/drive-storage/AJQWtBPKB6WJj_LqWo0PC_cbRttTUtXkwOe_2-902kqtqn52LIddKyl4S8gh1fTLldOwAkMdyfqnRmrbpzeoeA52t6Oy0OyJ3EMJLRAP-hT1gQe2Tsc=s220,216 Tombé renversé sur ligne danseur.gif,gif
217,1JAWkZD9E1hPTxv5wkj69qD3jrZeh_N8n,217 Tombé fille relevée au-dessus de ses épaules.gif,image/gif,https://drive.google.com/file/d/1JAWkZD9E1hPTxv5wkj69qD3jrZeh_N8n/view?usp=drivesdk,https://drive-thirdparty.googleusercontent.com/16/type/image/gif,https://lh3.googleusercontent.com/drive-storage/AJQWtBNkg0isIcrsTINdb-vgwbWtkJn6UH-eNtiMO1BEd5mJwDBxZk-3L3UnMyzc6jlr2nbX0-Eq32nCh_VlXcPfVMC-mj4C6zWwhMpf1Y6GeU3DSQ=s220,217 Tombé fille relevée au-dessus de ses épaules.gif,gif
218,1fS9uULiwPYFYwZBlqdJVcmb3idLDQiW3,218 Tombé jambes filles levées.gif,image/gif,https://drive.google.com/file/d/1fS9uULiwPYFYwZBlqdJVcmb3idLDQiW3/view?usp=drivesdk,https://drive-thirdparty.googleusercontent.com/16/type/image/gif,https://lh3.googleusercontent.com/drive-storage/AJQWtBNNRb8yESPoqgy8oq8_ttx4zy4W0iu6b7YruZlBSEFDedF-vZXkodhTDq8St5FH5i3k23YafnZbdafAxv6AAGyKcBf9khA01KW7Md9XgaLbSKg=s220,218 Tombé jambes filles levées.gif,gif
219,1TaT4mMzuAEqD2fcA1iM7iL3czfQzmMYU,219 Tombé jambes filles levées tenu.gif,image/gif,https://drive.google.com/file/d/1TaT4mMzuAEqD2fcA1iM7iL3czfQzmMYU/view?usp=drivesdk,https://drive-thirdparty.googleusercontent.com/16/type/image/gif,https://lh3.googleusercontent.com/drive-storage/AJQWtBNfns8Ot0apMRqJrBipLcS8zDetYv7zZpOPhinDt-7pwmJOlHRbIl2psKLTRYGyUEK4PGupdFkzaXOJIo84vvNBpSA2X4oSUM0jkvswYVXDsw=s220,219 Tombé jambes filles levées tenu.gif,gif
220,15ZHjwHgg5PCiZL-S9_rHjpAoN5pIp44y,220 Décalé puis assise sur genoux.gif,image/gif,https://drive.google.com/file/d/15ZHjwHgg5PCiZL-S9_rHjpAoN5pIp44y/view?usp=drivesdk,https://drive-thirdparty.googleusercontent.com/16/type/image/gif,https://lh3.googleusercontent.com/drive-storage/AJQWtBPO5eUgfoJyVs9DQQ4Kt99_Isfd0gUX-_ig9nRdltekzxsTr52e2brS8LdW6446dd2RbA-vsAlV5Cp7QAj06QLBV7X3JK7rhLGbEYfrCr8RMw=s220,220 Décalé puis assise sur genoux.gif,gif
221,1c49PuxGSTu23E9qJQ1no0p0faHJRYMVH,221 Poisson.gif,image/gif,https://drive.google.com/file/d/1c49PuxGSTu23E9qJQ1no0p0faHJRYMVH/view?usp=drivesdk,https://drive-thirdparty.googleusercontent.com/16/type/image/gif,https://lh3.googleusercontent.com/drive-storage/AJQWtBNBBTiQdnX2OuNzdYdc6b1903HeFSRW4E23bpLSrpM_12O6hXU0N762vtoWViswRHMKAfsofOVFy6bP3k_7LPDFo8IlMmrreEEII_Mvo-lAcPc=s220,221 Poisson.gif,gif
222,1S9dpbUkqAiBunsqoaMXuJvSKy9N5MBwL,222 Porté arabesque.gif,image/gif,https://drive.google.com/file/d/1S9dpbUkqAiBunsqoaMXuJvSKy9N5MBwL/view?usp=drivesdk,https://drive-thirdparty.googleusercontent.com/16/type/image/gif,https://lh3.googleusercontent.com/drive-storage/AJQWtBO75HT8H4kVfaQ5xh1RuOH-cWY-1Cj2aYdud1ef54zbjPV3UzkiX2wR369lSO4JPWX5DMv0uBlYuHXgAJ1xCa1WOLPNx_MYpwBIjVG4bqB9gmE=s220,222 Porté arabesque.gif,gif
223,12D6Ce5xODs-9V5Pz35vop1VMt1nbBcX7,223 Dauphin.gif,image/gif,https://drive.google.com/file/d/12D6Ce5xODs-9V5Pz35vop1VMt1nbBcX7/view?usp=drivesdk,https://drive-thirdparty.googleusercontent.com/16/type/image/gif,https://lh3.googleusercontent.com/drive-storage/AJQWtBOa8bol8IjcWfnlq5gFLZlaejOJkhDnIMt4EqK98eXagSxXf_SwYJCUrbdbNopSISnSaQ3R67NG8dZWLV7E6zso6YCYY0QOPgSTECrJUFj2nA=s220,223 Dauphin.gif,gif
224,1-qN6o2FDaTP9CqHb11hKUfhc6NSjR8sw,224 Fil rouge.gif,image/gif,https://drive.google.com/file/d/1-qN6o2FDaTP9CqHb11hKUfhc6NSjR8sw/view?usp=drivesdk,https://drive-thirdparty.googleusercontent.com/16/type/image/gif,https://lh3.googleusercontent.com/drive-storage/AJQWtBNqQMpAdfx0b5lz0sXFO8IJzfuofO4nDcdW0UC_yAj9Yg7PpU5tMavMbkQOv3cOPVcfONWpemV5BPFxx1mzc_kgf25csS5lnPkrWoYA_Pqoj4w=s220,224 Fil rouge.gif,gif
225,1A2p4Qn1f7fOHmrzR_VuWqir2IDfZ-0IN,225 Tibias sur la cuisse.gif,image/gif,https://drive.google.com/file/d/1A2p4Qn1f7fOHmrzR_VuWqir2IDfZ-0IN/view?usp=drivesdk,https://drive-thirdparty.googleusercontent.com/16/type/image/gif,https://lh3.googleusercontent.com/drive-storage/AJQWtBNJvxRE5xdw-iH9twn4kBtgcgOd6izLO-i5JLtlgL0Y6BM0glLowIGQkLF9V_sSR_lLwD84uohdssSyKUqsipNprbW3Fyyh-iRStTWmyvVJJw=s220,225 Tibias sur la cuisse.gif,gif
226,1521anDHh_DNVUI_SIYaeq4WFyULrGeff,226 Cavalière assise flamand rose.gif,image/gif,https://drive.google.com/file/d/1521anDHh_DNVUI_SIYaeq4WFyULrGeff/view?usp=drivesdk,https://drive-thirdparty.googleusercontent.com/16/type/image/gif,https://lh3.googleusercontent.com/drive-storage/AJQWtBOYm_F0wB9JWUb90PaoyIigycuwy-rbzbSO71JYExv6upfLkcM8PZhPTyoWcS810PCLyeL2BurjLh_7W6blMFQhUdrNoTyoiOT-4OcK8P3hG8k=s220,226 Cavalière assise flamand rose.gif,gif
227,1314Qakv1KlEiFKjNRK4d_a6cxZGFNSEG,227 Ciseaux.gif,image/gif,https://drive.google.com/file/d/1314Qakv1KlEiFKjNRK4d_a6cxZGFNSEG/view?usp=drivesdk,https://drive-thirdparty.googleusercontent.com/16/type/image/gif,https://lh3.googleusercontent.com/drive-storage/AJQWtBMeUv812EFJ6oAJMeSHVQCsHmzV4OVDhf6SCo1rTDLy0ivyKiMfVQR4zZj79IUeEUKTPTbfvsVCt0GniIoc8V7vu6R7N8xqCSWUkvBGrlII9Lg=s220,227 Ciseaux.gif,gif
228,125-buVnSRPQgBxbedzPkNRPmmjxDLkPu,228 Saut groupé d_un côté à l_autre.gif,image/gif,https://drive.google.com/file/d/125-buVnSRPQgBxbedzPkNRPmmjxDLkPu/view?usp=drivesdk,https://drive-thirdparty.googleusercontent.com/16/type/image/gif,https://lh3.googleusercontent.com/drive-storage/AJQWtBN00MCLWqYYouYhIvgJ3leutpvSZmW9xX-uv8DMzij0_4IZtR_2HZ1p4ROSLSjRk8JHaru4VrsuDYqiMPX6s9TxFfrqChsreqltxh81NQJmVg=s220,228 Saut groupé d_un côté à l_autre.gif,gif
229,1gYzbvbOVr11qQS20wJkfom7XpYQIQXYv,229 bis Marché lunaire en cercle.gif,image/gif,https://drive.google.com/file/d/1gYzbvbOVr11qQS20wJkfom7XpYQIQXYv/view?usp=drivesdk,https://drive-thirdparty.googleusercontent.com/16/type/image/gif,https://lh3.googleusercontent.com/drive-storage/AJQWtBN1EcY9DoMiFCTHaz1fjL8L7QxI_xdhKI8PU-xflOaeTEzlYeUsgNAtwdwgpUGbQC4GKOKIeaFReacJX4TF7I7_UvLOhDmP1HtyJkHzlsLBFnk=s220,229 bis Marché lunaire en cercle.gif,gif
229,1bvQWctLDb8SOT-L3OHp_eN8Jvicrvd8R,229 Marché lunaire en ligne.gif,image/gif,https://drive.google.com/file/d/1bvQWctLDb8SOT-L3OHp_eN8Jvicrvd8R/view?usp=drivesdk,https://drive-thirdparty.googleusercontent.com/16/type/image/gif,https://lh3.googleusercontent.com/drive-storage/AJQWtBPw-CgMgiN9xEWEkV_QUJjy2rjj9IfeoQP96STKxzprrAWbc-9wMDF_kLkkNT0rVXGW07tQOxJSH_q5aVBi-O65TuChk43OR26UEbmuKMogDg=s220,229 Marché lunaire en ligne.gif,gif
230,1PTW6uHZ-JcSm6_XacwYwEmqD7IHEDyXW,230 Air France 4 mains.gif,image/gif,https://drive.google.com/file/d/1PTW6uHZ-JcSm6_XacwYwEmqD7IHEDyXW/view?usp=drivesdk,https://drive-thirdparty.googleusercontent.com/16/type/image/gif,https://lh3.googleusercontent.com/drive-storage/AJQWtBOuT60fTpEpLm9XohjlYmctocq7q0enpTJ6MnEs-dvSS2JTg3AoDnSBIiuYAI9MJdCBeeVrCMBpPZsp8BEnI1CsMRH3BV6-6daCaN1gtig8y9c=s220,230 Air France 4 mains.gif,gif
231,1FpvA6Cl1HLBjvM6IVPUPBvFg5le7cQVa,231 Air France 2 mains.gif,image/gif,https://drive.google.com/file/d/1FpvA6Cl1HLBjvM6IVPUPBvFg5le7cQVa/view?usp=drivesdk,https://drive-thirdparty.googleusercontent.com/16/type/image/gif,https://lh3.googleusercontent.com/drive-storage/AJQWtBPO-TB4Z1SSNWH0lrioNP_7sHlGsCgL4ptEgP9SdJfk48tfZNk1dev9XXUZp1NlP_hJjoWuviaUSk08glvaNvyiTxoNbkPDNK5JEbXWT8bQblI=s220,231 Air France 2 mains.gif,gif
232,1D1lVrIWhrBpVyFJnGeBmNtA6IdCSxLOz,232 Porté pied au genou.gif,image/gif,https://drive.google.com/file/d/1D1lVrIWhrBpVyFJnGeBmNtA6IdCSxLOz/view?usp=drivesdk,https://drive-thirdparty.googleusercontent.com/16/type/image/gif,https://lh3.googleusercontent.com/drive-storage/AJQWtBOUTshZU3jf9lDGHg9Hn28Ogv19Ry_nRCBgR9eJK_PMjFelHVSQqGtpmFY8WMscZD4_gsctgyxD57plCtYlReBIwis4CJ1GgRJz6ilw1BX7Y-4=s220,232 Porté pied au genou.gif,gif
233,1_hQqfIQDFz-icOTdyflQl3RoTuh5HUkZ,233 Demi tour du monde.gif,image/gif,https://drive.google.com/file/d/1_hQqfIQDFz-icOTdyflQl3RoTuh5HUkZ/view?usp=drivesdk,https://drive-thirdparty.googleusercontent.com/16/type/image/gif,https://lh3.googleusercontent.com/drive-storage/AJQWtBMOKLEHlwB1O7suy3Iih941lZD700h2CzNObpIXomUp87T34Tzx7lMP3dVtLeWJrUKbWGHO1Pz15Mn5iptreDB7Ol-Q_A3tdNWcL4hbg61XFmQ=s220,233 Demi tour du monde.gif,gif
234,1T4n5V65_CU8Fd6b4nXWMSK_y5yr3Q5tR,234 Tour du monde.gif,image/gif,https://drive.google.com/file/d/1T4n5V65_CU8Fd6b4nXWMSK_y5yr3Q5tR/view?usp=drivesdk,https://drive-thirdparty.googleusercontent.com/16/type/image/gif,https://lh3.googleusercontent.com/drive-storage/AJQWtBNS9o77Pwzcu-SjP_L6LICEzoe1w-q8uTHeiQNY-kOkjJ5hj2mLrCFwkh3AbunSldJS0dk4cRPk51ckV_XbaoDX9mXaOXsjtPjah-t7sh4vvQ=s220,234 Tour du monde.gif,gif
235,1c7pHsOe7U-AjJzspAJYLovS-GyUmxrWC,235 Mains 2 coudes sur le dos.gif,image/gif,https://drive.google.com/file/d/1c7pHsOe7U-AjJzspAJYLovS-GyUmxrWC/view?usp=drivesdk,https://drive-thirdparty.googleusercontent.com/16/type/image/gif,https://lh3.googleusercontent.com/drive-storage/AJQWtBOCGxERnLR8RgBhoFfVDRABrmm1iZGV3YALN37vFkTKVQEquClyO4tsSXRBiqzbj-M50KroTDpa-OfyY1DMtJ63qV7TUE1Ryz_Oz0WWUhUY-7E=s220,235 Mains 2 coudes sur le dos.gif,gif
236,1SvEA3s_LgiWgWa-7WhpqBXloxQCDdiiE,236 Soleil.gif,image/gif,https://drive.google.com/file/d/1SvEA3s_LgiWgWa-7WhpqBXloxQCDdiiE/view?usp=drivesdk,https://drive-thirdparty.googleusercontent.com/16/type/image/gif,https://lh3.googleusercontent.com/drive-storage/AJQWtBPRjUHm4Q40pEsaOfSriHDLBdDCrRmsEuTbCWOz09NGmD6aFiLQI7PkqE_jnGNRf8PuR2j0hyyGBGVOKCx16zr0Wf4iYuDXAcwBGGWFm4o7uSo=s220,236 Soleil.gif,gif
237,1GIKq19KqW71T-F9qD33heExPXsCB_E4I,237 Planche - Superman.gif,image/gif,https://drive.google.com/file/d/1GIKq19KqW71T-F9qD33heExPXsCB_E4I/view?usp=drivesdk,https://drive-thirdparty.googleusercontent.com/16/type/image/gif,https://lh3.googleusercontent.com/drive-storage/AJQWtBOxXzKk6Jv-lfmMFZ84qBRuEyx8Sti_65WAtR-ZSXBqnISZCQejFXlHOa2O1zWjPcgh7tTO_KyPplP0m0wCnP4pth69-g-mR8H9i_CgidiKjQ=s220,237 Planche - Superman.gif,gif
239,1aotU9G1n9pZGGtaSUifhFypKchLyRTCH,239 Cheval simple.gif,image/gif,https://drive.google.com/file/d/1aotU9G1n9pZGGtaSUifhFypKchLyRTCH/view?usp=drivesdk,https://drive-thirdparty.googleusercontent.com/16/type/image/gif,https://lh3.googleusercontent.com/drive-storage/AJQWtBOPsO50rmvkKNTgvj7mh386uQWmyRgVqsQrhdD2pbfUKB93fN0o7jSfB0OcvO154X9hAQXLxYP9cB1UsrnbsnZKdhW4f2DNyrm-ztXkdojcYw=s220,239 Cheval simple.gif,gif
241,1oMAxSv7OGTAV1eh0pZJG26octAEZLnyP,241 Cheval chandelle.gif,image/gif,https://drive.google.com/file/d/1oMAxSv7OGTAV1eh0pZJG26octAEZLnyP/view?usp=drivesdk,https://drive-thirdparty.googleusercontent.com/16/type/image/gif,https://lh3.googleusercontent.com/drive-storage/AJQWtBMK2hz1ueLCD5BguRFzWMKI8ttFpG3HNatIH3dR4f3iKPwOxhwEGaebK-nlEolECBCFdyf4ryIJft7FIV6ZWvoD9OAEcUS7247q6b983y1rCUI=s220,241 Cheval chandelle.gif,gif
242,1ZRNpHVqkYiTsrFmfcOEx1aomxJWmQWQO,242 Moulinet.gif,image/gif,https://drive.google.com/file/d/1ZRNpHVqkYiTsrFmfcOEx1aomxJWmQWQO/view?usp=drivesdk,https://drive-thirdparty.googleusercontent.com/16/type/image/gif,https://lh3.googleusercontent.com/drive-storage/AJQWtBOKt2NF-BTLcsVN40OIAtGMoDgnwEnb7ahOjNa1meiWUuRf_iC9aEiJXwMD7kBhsI3cnPrkREvptvmWHE9gkeO37VVoUUkJgsKpN4PeqzqPTbk=s220,242 Moulinet.gif,gif
243,1ma4H7EE_OtKdzY01JoImzCO73C9tNjC9,243 Déroulé en étoile.gif,image/gif,https://drive.google.com/file/d/1ma4H7EE_OtKdzY01JoImzCO73C9tNjC9/view?usp=drivesdk,https://drive-thirdparty.googleusercontent.com/16/type/image/gif,https://lh3.googleusercontent.com/drive-storage/AJQWtBO6x-gJ96B5XkLOrimEqDn9cSByjQYhaGXG_cga5Ta5R5VG3yZlX9GCMv9MOYI6z6-bupa1ni9E_Hi7ATA8Ca4W5GpW8KQL_bxiQOOgKTvAXVs=s220,243 Déroulé en étoile.gif,gif
245,1epvgi4J-Uyye0ZIn7bcUwrpmkk1nblKK,245 Titanic fin au cou.gif,image/gif,https://drive.google.com/file/d/1epvgi4J-Uyye0ZIn7bcUwrpmkk1nblKK/view?usp=drivesdk,https://drive-thirdparty.googleusercontent.com/16/type/image/gif,https://lh3.googleusercontent.com/drive-storage/AJQWtBM8AOS6bsWCWpCvtsdfuNJhozqYWv4qkgc9BY2K-3t4sJsA43xXcB_UJgh5rxthsiPvRVKUYMyshM09jvX9Zs_WKcFD_84bEjuYP5_34EwQmXU=s220,245 Titanic fin au cou.gif,gif
246,1T_SuQUzImtUedBDDHMpkiAB6kQQzDwEl,246 Ciseaux autour du cou.gif,image/gif,https://drive.google.com/file/d/1T_SuQUzImtUedBDDHMpkiAB6kQQzDwEl/view?usp=drivesdk,https://drive-thirdparty.googleusercontent.com/16/type/image/gif,https://lh3.googleusercontent.com/drive-storage/AJQWtBMnG45fdf8HLxCT9J0-w2jAbCKEBEK-ulGcuE4J0uqnswTtjh1HJudUy1PMvoNlbvMBB9qbv1tOKeS5xGWuiVG5ztHNGaDaqHIYARpmbEOIiEI=s220,246 Ciseaux autour du cou.gif,gif